{
    "gt": "GT-PAGE/luz_blitz_1784_0020.xml",
    "ocr": "OCR-D-OCR/OCR-D-OCR_0003.xml",

    "cer": 0.019127316198445904,
    "wer": 0.06037735849056604,


    "n_characters": 1673,
    "n_words": 265
}