{
    "gt": "GT-PAGE/luz_blitz_1784_0009.xml",
    "ocr": "OCR-D-OCR/OCR-D-OCR_0002.xml",

    "cer": 0.01076555023923445,
    "wer": 0.02608695652173913,


    "n_characters": 836,
    "n_words": 115
}