{
    "gt": "GT-PAGE/luz_blitz_1784_0027.xml",
    "ocr": "OCR-D-OCR/OCR-D-OCR_0004.xml",

    "cer": 0.014925373134328358,
    "wer": 0.05058365758754864,


    "n_characters": 1742,
    "n_words": 257
}