{
    "gt": "GT-PAGE/luz_blitz_1784_0007.xml",
    "ocr": "OCR-D-OCR/OCR-D-OCR_0001.xml",

    "cer": 0.10408921933085502,
    "wer": 0.23076923076923078,


    "n_characters": 269,
    "n_words": 39
}