{
    "gt": "GT-PAGE/glauber_opera01_1658_0072.xml",
    "ocr": "OCR-D-OCR/OCR-D-OCR_0005.xml",

    "cer": 0.07939767282683094,
    "wer": 0.16043956043956045,


    "n_characters": 2922,
    "n_words": 455
}