{
    "gt": "GT-PAGE/glauber_opera01_1658_0029.xml",
    "ocr": "OCR-D-OCR/OCR-D-OCR_0003.xml",

    "cer": 0.16385011021307863,
    "wer": 0.29441624365482233,


    "n_characters": 1361,
    "n_words": 197
}