{
    "gt": "GT-PAGE/glauber_opera01_1658_0007.xml",
    "ocr": "OCR-D-OCR/OCR-D-OCR_0001.xml",

    "cer": 0.7958057395143487,
    "wer": 0.9699248120300752,


    "n_characters": 1812,
    "n_words": 266
}