{
    "gt": "GT-PAGE/glauber_opera01_1658_0078.xml",
    "ocr": "OCR-D-OCR/OCR-D-OCR_0006.xml",

    "cer": 0.08437025796661608,
    "wer": 0.21936758893280633,


    "n_characters": 3295,
    "n_words": 506
}