{
    "gt": "GT-PAGE/nn_lied_1520_0006.xml",
    "ocr": "OCR-D-OCR/OCR-D-OCR_0006.xml",

    "cer": 0.1158021712907117,
    "wer": 0.27672955974842767,


    "n_characters": 829,
    "n_words": 159
}