{
    "gt": "GT-PAGE/bohse_helicon_1696_0021.xml",
    "ocr": "OCR-D-OCR/OCR-D-OCR_0003.xml",

    "cer": 0.26436781609195403,
    "wer": 0.5673758865248227,


    "n_characters": 870,
    "n_words": 141
}