{
    "gt": "GT-PAGE/bohse_helicon_1696_0009.xml",
    "ocr": "OCR-D-OCR/OCR-D-OCR_0002.xml",

    "cer": 0.28378378378378377,
    "wer": 0.5925925925925926,


    "n_characters": 370,
    "n_words": 54
}