{
    "gt": "GT-PAGE/bohse_helicon_1696_0007.xml",
    "ocr": "OCR-D-OCR/OCR-D-OCR_0001.xml",

    "cer": 0.4021164021164021,
    "wer": 0.9148936170212766,


    "n_characters": 378,
    "n_words": 47
}