{
    "gt": "GT-PAGE/bohse_helicon_1696_0022.xml",
    "ocr": "OCR-D-OCR/OCR-D-OCR_0004.xml",

    "cer": 0.11875843454790823,
    "wer": 0.3333333333333333,


    "n_characters": 741,
    "n_words": 108
}