{
    "gt": "GT-PAGE/reinkingk_policey_1653_0139.xml",
    "ocr": "OCR-D-OCR/OCR-D-OCR_0003.xml",

    "cer": 0.0828861061419201,
    "wer": 0.22794117647058823,


    "n_characters": 1677,
    "n_words": 272
}