{
    "gt": "GT-PAGE/reinkingk_policey_1653_0017.xml",
    "ocr": "OCR-D-OCR/OCR-D-OCR_0002.xml",

    "cer": 0.2738496071829405,
    "wer": 0.4119718309859155,


    "n_characters": 1782,
    "n_words": 284
}