{
    "gt": "GT-PAGE/reinkingk_policey_1653_0016.xml",
    "ocr": "OCR-D-OCR/OCR-D-OCR_0001.xml",

    "cer": 0.2143219908583037,
    "wer": 0.41924398625429554,


    "n_characters": 1969,
    "n_words": 291
}