{
    "gt": "GT-PAGE/arnold_ketzerhistorie01_1699_0115.xml",
    "ocr": "OCR-D-OCR/OCR-D-OCR_0004.xml",

    "cer": 0.49142762940982526,
    "wer": 0.7122093023255814,


    "n_characters": 6066,
    "n_words": 1032
}