{
    "gt": "GT-PAGE/arnold_ketzerhistorie01_1699_0010.xml",
    "ocr": "OCR-D-OCR/OCR-D-OCR_0001.xml",

    "cer": 0.3989501312335958,
    "wer": 0.7407407407407407,


    "n_characters": 381,
    "n_words": 54
}