{
    "gt": "OCR-D-GT-SEG-PAGE/OCR-D-GT-SEG-PAGE_0005.xml",
    "ocr": "OCR-D-OCR/OCR-D-OCR_0005.xml",

    "cer": 0.15639374425023,
    "wer": 0.48823529411764705,


    "n_characters": 1087,
    "n_words": 170
}