{
    "gt": "OCR-D-GT-SEG-PAGE/OCR-D-GT-SEG-PAGE_0001.xml",
    "ocr": "OCR-D-OCR/OCR-D-OCR_0001.xml",

    "cer": 0.3358433734939759,
    "wer": 0.6551724137931034,


    "n_characters": 664,
    "n_words": 116
}