{
    "gt": "OCR-D-GT-SEG-PAGE/OCR-D-GT-SEG-PAGE_0003.xml",
    "ocr": "OCR-D-OCR/OCR-D-OCR_0003.xml",

    "cer": 0.22367275892080069,
    "wer": 0.5284974093264249,


    "n_characters": 1149,
    "n_words": 193
}