{
    "gt": "OCR-D-GT-SEG-PAGE/OCR-D-GT-SEG-PAGE_0002.xml",
    "ocr": "OCR-D-OCR/OCR-D-OCR_0002.xml",

    "cer": 0.41710526315789476,
    "wer": 0.6533864541832669,


    "n_characters": 1520,
    "n_words": 251
}