{
    "gt": "OCR-D-GT-SEG-PAGE/OCR-D-GT-SEG-PAGE_0004.xml",
    "ocr": "OCR-D-OCR/OCR-D-OCR_0004.xml",

    "cer": 0.13125590179414542,
    "wer": 0.5454545454545454,


    "n_characters": 1059,
    "n_words": 165
}