{
    "gt": "GT-PAGE/nn_historia_1500_0007.xml",
    "ocr": "OCR-D-OCR/OCR-D-OCR_0007.xml",

    "cer": 0.09663865546218488,
    "wer": 0.36585365853658536,


    "n_characters": 238,
    "n_words": 41
}