{
    "gt": "GT-PAGE/nn_historia_1500_0009.xml",
    "ocr": "OCR-D-OCR/OCR-D-OCR_0009.xml",

    "cer": 0.061272584446190104,
    "wer": 0.24481327800829875,


    "n_characters": 1273,
    "n_words": 241
}