{
    "gt": "GT-PAGE/pinder_epiphanie_1506_0010.xml",
    "ocr": "OCR-D-OCR/OCR-D-OCR_0002.xml",

    "cer": 0.12618296529968454,
    "wer": 0.3333333333333333,


    "n_characters": 2219,
    "n_words": 348
}