{
    "gt": "GT-PAGE/pinder_epiphanie_1506_0009.xml",
    "ocr": "OCR-D-OCR/OCR-D-OCR_0001.xml",

    "cer": 0.10671067106710672,
    "wer": 0.30743243243243246,


    "n_characters": 1818,
    "n_words": 296
}