{
    "gt": "GT-PAGE/pinder_epiphanie_1506_0041.xml",
    "ocr": "OCR-D-OCR/OCR-D-OCR_0003.xml",

    "cer": 0.043478260869565216,
    "wer": 0.21052631578947367,


    "n_characters": 2300,
    "n_words": 342
}