{
    "gt": "GT-PAGE/pinder_epiphanie_1506_0045.xml",
    "ocr": "OCR-D-OCR/OCR-D-OCR_0004.xml",

    "cer": 0.10853355426677713,
    "wer": 0.21978021978021978,


    "n_characters": 2414,
    "n_words": 364
}