{
    "gt": "GT-PAGE/silesius_seelenlust01_1657_0022.xml",
    "ocr": "OCR-D-OCR/OCR-D-OCR_0004.xml",

    "cer": 0.30045523520485584,
    "wer": 0.7096774193548387,


    "n_characters": 659,
    "n_words": 124
}