{
    "gt": "GT-PAGE/silesius_seelenlust01_1657_0009.xml",
    "ocr": "OCR-D-OCR/OCR-D-OCR_0001.xml",

    "cer": 0.3826429980276134,
    "wer": 0.8260869565217391,


    "n_characters": 507,
    "n_words": 69
}