{
    "gt": "GT-PAGE/silesius_seelenlust01_1657_0423.xml",
    "ocr": "OCR-D-OCR/OCR-D-OCR_0005.xml",

    "cer": 0.3969571230982019,
    "wer": 0.7058823529411765,


    "n_characters": 723,
    "n_words": 136
}