{
    "gt": "OCR-D-GT-SEG-PAGE/OCR-D-GT-SEG-PAGE_0002.xml",
    "ocr": "OCR-D-OCR/OCR-D-OCR_0002.xml",

    "cer": 0.45954225986664266,
    "wer": 0.7474518686296716,


    "n_characters": 5549,
    "n_words": 883
}