{
    "gt": "OCR-D-GT-SEG-PAGE/OCR-D-GT-SEG-PAGE_0001.xml",
    "ocr": "OCR-D-OCR/OCR-D-OCR_0001.xml",

    "cer": 0.2563221979394318,
    "wer": 0.592436974789916,


    "n_characters": 3203,
    "n_words": 476
}