{
    "gt": "GT-PAGE/huebner_handbuch_1696_0005.xml",
    "ocr": "OCR-D-OCR/OCR-D-OCR_0001.xml",

    "cer": 0.5112540192926045,
    "wer": 0.8780487804878049,


    "n_characters": 311,
    "n_words": 41
}