{
    "gt": "GT-PAGE/huebner_handbuch_1696_0015.xml",
    "ocr": "OCR-D-OCR/OCR-D-OCR_0002.xml",

    "cer": 0.17404580152671756,
    "wer": 0.4778761061946903,


    "n_characters": 655,
    "n_words": 113
}