{
    "gt": "GT-PAGE/huebner_handbuch_1696_0021.xml",
    "ocr": "OCR-D-OCR/OCR-D-OCR_0003.xml",

    "cer": 0.1595940959409594,
    "wer": 0.4918032786885246,


    "n_characters": 1084,
    "n_words": 183
}