{
    "gt": "GT-PAGE/nn_mirabilia_1500_0019.xml",
    "ocr": "OCR-D-OCR/OCR-D-OCR_0002.xml",

    "cer": 0.05386178861788618,
    "wer": 0.2717391304347826,


    "n_characters": 984,
    "n_words": 184
}