{
    "gt": "GT-PAGE/nn_mirabilia_1500_0087.xml",
    "ocr": "OCR-D-OCR/OCR-D-OCR_0003.xml",

    "cer": 0.05858585858585859,
    "wer": 0.2931937172774869,


    "n_characters": 990,
    "n_words": 191
}