{
    "gt": "GT-PAGE/nn_mirabilia_1500_0009.xml",
    "ocr": "OCR-D-OCR/OCR-D-OCR_0001.xml",

    "cer": 0.23324396782841822,
    "wer": 0.4507042253521127,


    "n_characters": 373,
    "n_words": 71
}