{
    "gt": "GT-PAGE/weigel_gnothi02_1618_0016.xml",
    "ocr": "OCR-D-OCR/OCR-D-OCR_0003.xml",

    "cer": 0.18854748603351956,
    "wer": 0.6145251396648045,


    "n_characters": 1432,
    "n_words": 179
}