{
    "gt": "GT-PAGE/weigel_gnothi02_1618_0004.xml",
    "ocr": "OCR-D-OCR/OCR-D-OCR_0002.xml",

    "cer": 0.19818652849740934,
    "wer": 0.5928853754940712,


    "n_characters": 1544,
    "n_words": 253
}