{
    "gt": "GT-PAGE/weigel_gnothi02_1618_0112.xml",
    "ocr": "OCR-D-OCR/OCR-D-OCR_0004.xml",

    "cer": 0.19958847736625515,
    "wer": 0.5512820512820513,


    "n_characters": 1458,
    "n_words": 234
}