{
    "gt": "GT-PAGE/rollenhagen_reysen_1603_0011.xml",
    "ocr": "OCR-D-OCR/OCR-D-OCR_0002.xml",

    "cer": 0.328740157480315,
    "wer": 0.8235294117647058,


    "n_characters": 1016,
    "n_words": 153
}