{
    "gt": "GT-PAGE/rollenhagen_reysen_1603_0012.xml",
    "ocr": "OCR-D-OCR/OCR-D-OCR_0003.xml",

    "cer": 0.3000755857898715,
    "wer": 0.7323943661971831,


    "n_characters": 1323,
    "n_words": 213
}