{
    "gt": "GT-PAGE/rollenhagen_reysen_1603_0007.xml",
    "ocr": "OCR-D-OCR/OCR-D-OCR_0001.xml",

    "cer": 0.4726507713884993,
    "wer": 0.9649122807017544,


    "n_characters": 713,
    "n_words": 114
}