{
    "gt": "GT-PAGE/justi_abhandlung01_1758_0026.xml",
    "ocr": "OCR-D-OCR/OCR-D-OCR_0001.xml",

    "cer": 0.21003134796238246,
    "wer": 0.638095238095238,


    "n_characters": 957,
    "n_words": 105
}