{
    "gt": "GT-PAGE/justi_abhandlung01_1758_0133.xml",
    "ocr": "OCR-D-OCR/OCR-D-OCR_0003.xml",

    "cer": 0.2028804007514089,
    "wer": 0.468503937007874,


    "n_characters": 1597,
    "n_words": 254
}