{
    "gt": "GT-PAGE/justi_abhandlung01_1758_0134.xml",
    "ocr": "OCR-D-OCR/OCR-D-OCR_0004.xml",

    "cer": 0.2989347536617843,
    "wer": 0.6299559471365639,


    "n_characters": 1502,
    "n_words": 227
}