{
    "gt": "GT-PAGE/nn_mirabilia_1500_0087.xml",
    "ocr": "OCR-D-OCR/OCR-D-OCR_0003.xml",

    "cer": 0.09292929292929293,
    "wer": 0.3612565445026178,


    "n_characters": 990,
    "n_words": 191
}