{
    "gt": "GT-PAGE/nn_mirabilia_1500_0009.xml",
    "ocr": "OCR-D-OCR/OCR-D-OCR_0001.xml",

    "cer": 0.21983914209115282,
    "wer": 0.38028169014084506,


    "n_characters": 373,
    "n_words": 71
}