{
    "gt": "GT-PAGE/alberti_pictura_1540_0007.xml",
    "ocr": "OCR-D-OCR/OCR-D-OCR_0007.xml",

    "cer": 0.03367875647668394,
    "wer": 0.15702479338842976,


    "n_characters": 772,
    "n_words": 121
}