{
    "gt": "GT-PAGE/alberti_pictura_1540_0009.xml",
    "ocr": "OCR-D-OCR/OCR-D-OCR_0009.xml",

    "cer": 0.1336734693877551,
    "wer": 0.2535211267605634,


    "n_characters": 980,
    "n_words": 142
}