{
    "gt": "GT-PAGE/alberti_pictura_1540_0008.xml",
    "ocr": "OCR-D-OCR/OCR-D-OCR_0008.xml",

    "cer": 0.09422492401215805,
    "wer": 0.2670807453416149,


    "n_characters": 987,
    "n_words": 161
}