{
    "gt": "GT-PAGE/heyden_paedono_1548_0014.xml",
    "ocr": "OCR-D-OCR/OCR-D-OCR_0014.xml",

    "cer": 0.1382716049382716,
    "wer": 0.5169491525423728,


    "n_characters": 810,
    "n_words": 118
}