{
    "gt": "GT-PAGE/heyden_paedono_1548_0013.xml",
    "ocr": "OCR-D-OCR/OCR-D-OCR_0013.xml",

    "cer": 0.21511627906976744,
    "wer": 0.6504854368932039,


    "n_characters": 688,
    "n_words": 103
}