{
    "gt": "GT-PAGE/heyden_paedono_1548_0007.xml",
    "ocr": "OCR-D-OCR/OCR-D-OCR_0007.xml",

    "cer": 0.1875945537065053,
    "wer": 0.6226415094339622,


    "n_characters": 661,
    "n_words": 106
}