{
    "gt": "GT-PAGE/karlstadt_sermon_1523_0020.xml",
    "ocr": "OCR-D-OCR/OCR-D-OCR_0002.xml",

    "cer": 0.16548223350253807,
    "wer": 0.4897959183673469,


    "n_characters": 1970,
    "n_words": 343
}