{
    "gt": "GT-PAGE/karlstadt_sermon_1523_0006.xml",
    "ocr": "OCR-D-OCR/OCR-D-OCR_0001.xml",

    "cer": 0.17880085653104924,
    "wer": 0.5347222222222222,


    "n_characters": 1868,
    "n_words": 288
}