{
    "gt": "GT-PAGE/basilius_legendi_1515_0023.xml",
    "ocr": "OCR-D-OCR/OCR-D-OCR_0003.xml",

    "cer": 0.08362369337979095,
    "wer": 0.17894736842105263,


    "n_characters": 574,
    "n_words": 95
}