{
    "gt": "GT-PAGE/basilius_legendi_1515_0007.xml",
    "ocr": "OCR-D-OCR/OCR-D-OCR_0001.xml",

    "cer": 0.12737293325168403,
    "wer": 0.4740740740740741,


    "n_characters": 1633,
    "n_words": 270
}