{
    "gt": "GT-PAGE/basilius_legendi_1515_0008.xml",
    "ocr": "OCR-D-OCR/OCR-D-OCR_0002.xml",

    "cer": 0.07215874924834637,
    "wer": 0.27715355805243447,


    "n_characters": 1663,
    "n_words": 267
}