{
    "gt": "GT-PAGE/luz_blitz_1784_0020.xml",
    "ocr": "OCR-D-OCR/OCR-D-OCR_0003.xml",

    "cer": 0.03765690376569038,
    "wer": 0.13584905660377358,


    "n_characters": 1673,
    "n_words": 265
}