{
    "gt": "GT-PAGE/luz_blitz_1784_0009.xml",
    "ocr": "OCR-D-OCR/OCR-D-OCR_0002.xml",

    "cer": 0.041866028708133975,
    "wer": 0.13043478260869565,


    "n_characters": 836,
    "n_words": 115
}