{
    "gt": "GT-PAGE/luz_blitz_1784_0027.xml",
    "ocr": "OCR-D-OCR/OCR-D-OCR_0004.xml",

    "cer": 0.029850746268656716,
    "wer": 0.08949416342412451,


    "n_characters": 1742,
    "n_words": 257
}