{
    "gt": "GT-PAGE/reinkingk_policey_1653_0139.xml",
    "ocr": "OCR-D-OCR/OCR-D-OCR_0003.xml",

    "cer": 0.2420989862850328,
    "wer": 0.7095588235294118,


    "n_characters": 1677,
    "n_words": 272
}