{
    "gt": "GT-PAGE/reinkingk_policey_1653_0016.xml",
    "ocr": "OCR-D-OCR/OCR-D-OCR_0001.xml",

    "cer": 0.3453529710512951,
    "wer": 0.8144329896907216,


    "n_characters": 1969,
    "n_words": 291
}