{
    "gt": "GT-PAGE/reinkingk_policey_1653_0017.xml",
    "ocr": "OCR-D-OCR/OCR-D-OCR_0002.xml",

    "cer": 0.3978675645342312,
    "wer": 0.7605633802816901,


    "n_characters": 1782,
    "n_words": 284
}