{
    "gt": "GT-PAGE/rhegius_artzney_1529_0007.xml",
    "ocr": "OCR-D-OCR/OCR-D-OCR_0001.xml",

    "cer": 0.0819327731092437,
    "wer": 0.2331288343558282,


    "n_characters": 952,
    "n_words": 163
}