{
    "gt": "GT-PAGE/rhegius_artzney_1529_0014.xml",
    "ocr": "OCR-D-OCR/OCR-D-OCR_0002.xml",

    "cer": 0.12706611570247933,
    "wer": 0.24561403508771928,


    "n_characters": 968,
    "n_words": 171
}