{
    "gt": "GT-PAGE/rhegius_artzney_1529_0019.xml",
    "ocr": "OCR-D-OCR/OCR-D-OCR_0003.xml",

    "cer": 0.12022900763358779,
    "wer": 0.35602094240837695,


    "n_characters": 1048,
    "n_words": 191
}