{
    "gt": "GT-PAGE/luz_blitz_1784_0009.xml",
    "ocr": "OCR-D-OCR/OCR-D-OCR_0002.xml",

    "cer": 0.11244019138755981,
    "wer": 0.4434782608695652,


    "n_characters": 836,
    "n_words": 115
}