{
    "gt": "GT-PAGE/luz_blitz_1784_0007.xml",
    "ocr": "OCR-D-OCR/OCR-D-OCR_0001.xml",

    "cer": 0.1412639405204461,
    "wer": 0.48717948717948717,


    "n_characters": 269,
    "n_words": 39
}