{
    "gt": "GT-PAGE/luz_blitz_1784_0027.xml",
    "ocr": "OCR-D-OCR/OCR-D-OCR_0004.xml",

    "cer": 0.0947187141216992,
    "wer": 0.377431906614786,


    "n_characters": 1742,
    "n_words": 257
}