{
    "gt": "GT-PAGE/luz_blitz_1784_0020.xml",
    "ocr": "OCR-D-OCR/OCR-D-OCR_0003.xml",

    "cer": 0.11476389719067544,
    "wer": 0.37358490566037733,


    "n_characters": 1673,
    "n_words": 265
}