{
    "gt": "GT-PAGE/kant_aufklaerung_1784_0017.xml",
    "ocr": "OCR-D-OCR/OCR-D-OCR_0001.xml",

    "cer": 0.024390243902439025,
    "wer": 0.12096774193548387,


    "n_characters": 820,
    "n_words": 124
}