{
    "gt": "OCR-D-GT-SEG-PAGE/OCR-D-GT-SEG-PAGE_0001.xml",
    "ocr": "OCR-D-OCR/OCR-D-OCR_0001.xml",

    "cer": 0.2535167239762426,
    "wer": 0.6186440677966102,


    "n_characters": 3199,
    "n_words": 590
}