{
    "gt": "GT-PAGE/loeber_heuschrecken_1693_0009.xml",
    "ocr": "OCR-D-OCR/OCR-D-OCR_0002.xml",

    "cer": 0.6209075244112578,
    "wer": 0.7870036101083032,


    "n_characters": 1741,
    "n_words": 277
}