{
    "gt": "GT-PAGE/loeber_heuschrecken_1693_0005.xml",
    "ocr": "OCR-D-OCR/OCR-D-OCR_0001.xml",

    "cer": 0.20747663551401868,
    "wer": 0.34705882352941175,


    "n_characters": 1070,
    "n_words": 170
}