{
    "gt": "GT-PAGE/huebner_handbuch_1696_0005.xml",
    "ocr": "OCR-D-OCR/OCR-D-OCR_0001.xml",

    "cer": 0.45016077170418006,
    "wer": 0.6341463414634146,


    "n_characters": 311,
    "n_words": 41
}