{
    "gt": "GT-PAGE/huebner_handbuch_1696_0021.xml",
    "ocr": "OCR-D-OCR/OCR-D-OCR_0003.xml",

    "cer": 0.07195571955719557,
    "wer": 0.16939890710382513,


    "n_characters": 1084,
    "n_words": 183
}