{
    "gt": "GT-PAGE/huebner_handbuch_1696_0015.xml",
    "ocr": "OCR-D-OCR/OCR-D-OCR_0002.xml",

    "cer": 0.07938931297709924,
    "wer": 0.10619469026548672,


    "n_characters": 655,
    "n_words": 113
}