{
    "gt": "GT-PAGE/ballenstedt_delatio_1777_00003.xml",
    "ocr": "OCR-D-OCR/OCR-D-OCR_00003.xml",

    "cer": 0.026918671248568157,
    "wer": 0.1308016877637131,


    "n_characters": 1746,
    "n_words": 237
}