{
    "gt": "GT-PAGE/ballenstedt_delatio_1777_00005.xml",
    "ocr": "OCR-D-OCR/OCR-D-OCR_00005.xml",

    "cer": 0.2716049382716049,
    "wer": 0.6983471074380165,


    "n_characters": 1701,
    "n_words": 242
}