{
    "gt": "GT-PAGE/ballenstedt_delatio_1777_00010.xml",
    "ocr": "OCR-D-OCR/OCR-D-OCR_00010.xml",

    "cer": 0.12285407725321888,
    "wer": 0.2840466926070039,


    "n_characters": 1864,
    "n_words": 257
}