{
    "gt": "GT-PAGE/bernd_lebensbeschreibung_1738_0021.xml",
    "ocr": "OCR-D-OCR/OCR-D-OCR_0002.xml",

    "cer": 0.047400611620795105,
    "wer": 0.08928571428571429,


    "n_characters": 654,
    "n_words": 112
}