{
    "gt": "GT-PAGE/bernd_lebensbeschreibung_1738_0007.xml",
    "ocr": "OCR-D-OCR/OCR-D-OCR_0001.xml",

    "cer": 0.10975609756097561,
    "wer": 0.23529411764705882,


    "n_characters": 492,
    "n_words": 68
}