{
    "gt": "GT-PAGE/bernd_lebensbeschreibung_1738_0066.xml",
    "ocr": "OCR-D-OCR/OCR-D-OCR_0003.xml",

    "cer": 0.009938837920489297,
    "wer": 0.035398230088495575,


    "n_characters": 1308,
    "n_words": 226
}