{
    "gt": "GT-PAGE/aventinus_grammatica_1515_0007.xml",
    "ocr": "OCR-D-OCR/OCR-D-OCR_0007.xml",

    "cer": 0.5370370370370371,
    "wer": 0.7698412698412699,


    "n_characters": 810,
    "n_words": 126
}