{
    "gt": "GT-PAGE/aventinus_grammatica_1515_0006.xml",
    "ocr": "OCR-D-OCR/OCR-D-OCR_0006.xml",

    "cer": 0.16656925774400935,
    "wer": 0.5772357723577236,


    "n_characters": 1711,
    "n_words": 246
}