{
    "gt": "GT-PAGE/aventinus_grammatica_1515_0008.xml",
    "ocr": "OCR-D-OCR/OCR-D-OCR_0008.xml",

    "cer": 0.5649484536082474,
    "wer": 0.8099547511312217,


    "n_characters": 1455,
    "n_words": 221
}