{
    "gt": "GT-PAGE/kant_aufklaerung_1784_0017.xml",
    "ocr": "OCR-D-OCR/OCR-D-OCR_0001.xml",

    "cer": 0.07317073170731707,
    "wer": 0.2903225806451613,


    "n_characters": 820,
    "n_words": 124
}