{
    "gt": "GT-PAGE/kant_aufklaerung_1784_0020.xml",
    "ocr": "OCR-D-OCR/OCR-D-OCR_0002.xml",

    "cer": 0.03395953757225433,
    "wer": 0.17560975609756097,


    "n_characters": 1384,
    "n_words": 205
}