{
    "gt": "OCR-D-GT-SEG-PAGE/OCR-D-GT-SEG-PAGE_0001.xml",
    "ocr": "OCR-D-OCR/OCR-D-OCR_0001.xml",

    "cer": 0.09137055837563451,
    "wer": 0.2134387351778656,


    "n_characters": 1576,
    "n_words": 253
}