{
    "gt": "OCR-D-GT-SEG-PAGE/OCR-D-GT-SEG-PAGE_0004.xml",
    "ocr": "OCR-D-OCR/OCR-D-OCR_0004.xml",

    "cer": 0.6392722710163111,
    "wer": 0.8671586715867159,


    "n_characters": 1594,
    "n_words": 271
}