{
    "gt": "GT-PAGE/loeber_heuschrecken_1693_0009.xml",
    "ocr": "OCR-D-OCR/OCR-D-OCR_0002.xml",

    "cer": 0.11774842044801838,
    "wer": 0.4368231046931408,


    "n_characters": 1741,
    "n_words": 277
}