{
    "gt": "GT-PAGE/loeber_heuschrecken_1693_0046.xml",
    "ocr": "OCR-D-OCR/OCR-D-OCR_0003.xml",

    "cer": 0.11883182275931521,
    "wer": 0.3333333333333333,


    "n_characters": 993,
    "n_words": 168
}