{
    "gt": "GT-PAGE/loeber_heuschrecken_1693_0005.xml",
    "ocr": "OCR-D-OCR/OCR-D-OCR_0001.xml",

    "cer": 0.2897196261682243,
    "wer": 0.6235294117647059,


    "n_characters": 1070,
    "n_words": 170
}