{
    "gt": "GT-PAGE/laube_europa0202_1837_0007.xml",
    "ocr": "OCR-D-OCR/OCR-D-OCR_0002.xml",

    "cer": 0.11458333333333333,
    "wer": 0.2857142857142857,


    "n_characters": 96,
    "n_words": 14
}