{
    "gt": "GT-PAGE/laube_europa0202_1837_0006.xml",
    "ocr": "OCR-D-OCR/OCR-D-OCR_0001.xml",

    "cer": 0.2937062937062937,
    "wer": 0.38095238095238093,


    "n_characters": 143,
    "n_words": 21
}