{
    "gt": "GT-PAGE/laube_europa0202_1837_0105.xml",
    "ocr": "OCR-D-OCR/OCR-D-OCR_0003.xml",

    "cer": 0.051648351648351645,
    "wer": 0.06578947368421052,


    "n_characters": 910,
    "n_words": 152
}