{
    "gt": "GT-PAGE/meyfart_rhetorica_1634_0007.xml",
    "ocr": "OCR-D-OCR/OCR-D-OCR_0001.xml",

    "cer": 0.09685230024213075,
    "wer": 0.34545454545454546,


    "n_characters": 413,
    "n_words": 55
}