{
    "gt": "GT-PAGE/meyfart_rhetorica_1634_0022.xml",
    "ocr": "OCR-D-OCR/OCR-D-OCR_0003.xml",

    "cer": 0.30327868852459017,
    "wer": 0.3672316384180791,


    "n_characters": 1098,
    "n_words": 177
}