{
    "gt": "GT-PAGE/meyfart_rhetorica_1634_0021.xml",
    "ocr": "OCR-D-OCR/OCR-D-OCR_0002.xml",

    "cer": 0.19152276295133439,
    "wer": 0.43617021276595747,


    "n_characters": 637,
    "n_words": 94
}