{
    "gt": "GT-PAGE/meyfart_rhetorica_1634_0122.xml",
    "ocr": "OCR-D-OCR/OCR-D-OCR_0004.xml",

    "cer": 0.0852803738317757,
    "wer": 0.20567375886524822,


    "n_characters": 856,
    "n_words": 141
}