{
    "gt": "GT-PAGE/kistler_kraeuter_1500_0007.xml",
    "ocr": "OCR-D-OCR/OCR-D-OCR_0007.xml",

    "cer": 0.4567901234567901,
    "wer": 0.912621359223301,


    "n_characters": 1215,
    "n_words": 206
}