{
    "gt": "GT-PAGE/reinkingk_policey_1653_0151.xml",
    "ocr": "OCR-D-OCR/OCR-D-OCR_0002.xml",

    "cer": 0.13972809667673716,
    "wer": 0.24634146341463414,


    "n_characters": 2648,
    "n_words": 410
}