{
    "gt": "GT-PAGE/reinkingk_policey_1653_0144.xml",
    "ocr": "OCR-D-OCR/OCR-D-OCR_0001.xml",

    "cer": 0.17297047970479704,
    "wer": 0.2722222222222222,


    "n_characters": 2168,
    "n_words": 360
}