{
    "gt": "GT-PAGE/clauren_mimil_1815_0031.xml",
    "ocr": "OCR-D-OCR/OCR-D-OCR_0002.xml",

    "cer": 0.149519890260631,
    "wer": 0.15517241379310345,


    "n_characters": 729,
    "n_words": 116
}