{
    "gt": "GT-PAGE/clauren_mimil_1815_0038.xml",
    "ocr": "OCR-D-OCR/OCR-D-OCR_0003.xml",

    "cer": 0.17391304347826086,
    "wer": 0.21428571428571427,


    "n_characters": 782,
    "n_words": 126
}