{
    "gt": "GT-PAGE/clauren_mimil_1815_0043.xml",
    "ocr": "OCR-D-OCR/OCR-D-OCR_0006.xml",

    "cer": 0.1877496671105193,
    "wer": 0.22727272727272727,


    "n_characters": 751,
    "n_words": 110
}