{
    "gt": "GT-PAGE/clauren_mimil_1815_0023.xml",
    "ocr": "OCR-D-OCR/OCR-D-OCR_0001.xml",

    "cer": 0.6337760910815939,
    "wer": 0.6179775280898876,


    "n_characters": 527,
    "n_words": 89
}