{
    "gt": "GT-PAGE/valentinus_occulta_1603_0004.xml",
    "ocr": "OCR-D-OCR/OCR-D-OCR_0001.xml",

    "cer": 0.11930783242258652,
    "wer": 0.45962732919254656,


    "n_characters": 1098,
    "n_words": 161
}