{
    "gt": "GT-PAGE/valentinus_occulta_1603_0033.xml",
    "ocr": "OCR-D-OCR/OCR-D-OCR_0006.xml",

    "cer": 0.1072463768115942,
    "wer": 0.37142857142857144,


    "n_characters": 1035,
    "n_words": 175
}