{
    "gt": "GT-PAGE/valentinus_occulta_1603_0032.xml",
    "ocr": "OCR-D-OCR/OCR-D-OCR_0005.xml",

    "cer": 0.14271749755620725,
    "wer": 0.5028901734104047,


    "n_characters": 1023,
    "n_words": 173
}