{
    "gt": "GT-PAGE/valentinus_occulta_1603_0006.xml",
    "ocr": "OCR-D-OCR/OCR-D-OCR_0003.xml",

    "cer": 0.12818336162988114,
    "wer": 0.43915343915343913,


    "n_characters": 1178,
    "n_words": 189
}