{
    "gt": "GT-PAGE/valentinus_occulta_1603_0005.xml",
    "ocr": "OCR-D-OCR/OCR-D-OCR_0002.xml",

    "cer": 0.14602215508559918,
    "wer": 0.4161073825503356,


    "n_characters": 993,
    "n_words": 149
}