{
    "gt": "GT-PAGE/alberti_pictura_1540_0008.xml",
    "ocr": "OCR-D-OCR/OCR-D-OCR_0008.xml",

    "cer": 0.06990881458966565,
    "wer": 0.2360248447204969,


    "n_characters": 987,
    "n_words": 161
}