{
    "gt": "GT-PAGE/alberti_pictura_1540_0009.xml",
    "ocr": "OCR-D-OCR/OCR-D-OCR_0009.xml",

    "cer": 0.14081632653061224,
    "wer": 0.2605633802816901,


    "n_characters": 980,
    "n_words": 142
}