{
    "gt": "GT-PAGE/bebel_frau_1879_0176.xml",
    "ocr": "OCR-D-OCR/OCR-D-OCR_0003.xml",

    "cer": 0.19576557226142988,
    "wer": 0.38054968287526425,


    "n_characters": 3259,
    "n_words": 473
}