{
    "gt": "GT-PAGE/bebel_frau_1879_0146.xml",
    "ocr": "OCR-D-OCR/OCR-D-OCR_0001.xml",

    "cer": 0.12791079042308953,
    "wer": 0.29455445544554454,


    "n_characters": 3049,
    "n_words": 404
}