{
    "gt": "GT-PAGE/bebel_frau_1879_0168.xml",
    "ocr": "OCR-D-OCR/OCR-D-OCR_0002.xml",

    "cer": 0.13875469672571122,
    "wer": 0.32783882783882784,


    "n_characters": 3726,
    "n_words": 546
}