{
    "gt": "GT-PAGE/nn_vertrag_1525_0005.xml",
    "ocr": "OCR-D-OCR/OCR-D-OCR_0001.xml",

    "cer": 0.45517241379310347,
    "wer": 0.6666666666666666,


    "n_characters": 145,
    "n_words": 24
}