{
    "gt": "GT-PAGE/nn_vertrag_1525_0007.xml",
    "ocr": "OCR-D-OCR/OCR-D-OCR_0002.xml",

    "cer": 0.05645784996133024,
    "wer": 0.1793478260869565,


    "n_characters": 1293,
    "n_words": 184
}