{
    "gt": "GT-PAGE/glauber_opera01_1658_0032.xml",
    "ocr": "OCR-D-OCR/OCR-D-OCR_0004.xml",

    "cer": 0.06734154929577464,
    "wer": 0.14772727272727273,


    "n_characters": 2272,
    "n_words": 352
}