{
    "gt": "GT-PAGE/glauber_opera01_1658_0078.xml",
    "ocr": "OCR-D-OCR/OCR-D-OCR_0006.xml",

    "cer": 0.07283763277693475,
    "wer": 0.2865612648221344,


    "n_characters": 3295,
    "n_words": 506
}