{
    "gt": "GT-PAGE/glauber_opera01_1658_0007.xml",
    "ocr": "OCR-D-OCR/OCR-D-OCR_0001.xml",

    "cer": 0.11644591611479028,
    "wer": 0.23308270676691728,


    "n_characters": 1812,
    "n_words": 266
}