{
    "gt": "GT-PAGE/glauber_opera01_1658_0009.xml",
    "ocr": "OCR-D-OCR/OCR-D-OCR_0002.xml",

    "cer": 0.7830637488106565,
    "wer": 0.9565217391304348,


    "n_characters": 2102,
    "n_words": 322
}