{
    "gt": "GT-PAGE/glauber_opera01_1658_0029.xml",
    "ocr": "OCR-D-OCR/OCR-D-OCR_0003.xml",

    "cer": 0.09184423218221896,
    "wer": 0.20812182741116753,


    "n_characters": 1361,
    "n_words": 197
}