{
    "gt": "GT-PAGE/glauber_opera01_1658_0072.xml",
    "ocr": "OCR-D-OCR/OCR-D-OCR_0005.xml",

    "cer": 0.043121149897330596,
    "wer": 0.14505494505494507,


    "n_characters": 2922,
    "n_words": 455
}