{
    "gt": "OCR-D-GT-SEG-PAGE/OCR-D-GT-SEG-PAGE_0003.xml",
    "ocr": "OCR-D-OCR/OCR-D-OCR_0003.xml",

    "cer": 0.402088772845953,
    "wer": 0.48704663212435234,


    "n_characters": 1149,
    "n_words": 193
}