{
    "gt": "OCR-D-GT-SEG-PAGE/OCR-D-GT-SEG-PAGE_0002.xml",
    "ocr": "OCR-D-OCR/OCR-D-OCR_0002.xml",

    "cer": 0.3131578947368421,
    "wer": 0.4103585657370518,


    "n_characters": 1520,
    "n_words": 251
}