{
    "gt": "OCR-D-GT-SEG-PAGE/OCR-D-GT-SEG-PAGE_0001.xml",
    "ocr": "OCR-D-OCR/OCR-D-OCR_0001.xml",

    "cer": 0.15060240963855423,
    "wer": 0.29310344827586204,


    "n_characters": 664,
    "n_words": 116
}