{
    "gt": "OCR-D-GT-SEG-PAGE/OCR-D-GT-SEG-PAGE_0004.xml",
    "ocr": "OCR-D-OCR/OCR-D-OCR_0004.xml",

    "cer": 0.07176581680830972,
    "wer": 0.19393939393939394,


    "n_characters": 1059,
    "n_words": 165
}