{
    "gt": "GT-PAGE/bohse_helicon_1696_0021.xml",
    "ocr": "OCR-D-OCR/OCR-D-OCR_0003.xml",

    "cer": 0.37126436781609196,
    "wer": 0.5319148936170213,


    "n_characters": 870,
    "n_words": 141
}