{
    "gt": "GT-PAGE/bohse_helicon_1696_0036.xml",
    "ocr": "OCR-D-OCR/OCR-D-OCR_0005.xml",

    "cer": 0.15735694822888283,
    "wer": 0.31277533039647576,


    "n_characters": 1468,
    "n_words": 227
}