{
    "gt": "GT-PAGE/bohse_helicon_1696_0022.xml",
    "ocr": "OCR-D-OCR/OCR-D-OCR_0004.xml",

    "cer": 0.3225371120107962,
    "wer": 0.7222222222222222,


    "n_characters": 741,
    "n_words": 108
}