{
    "gt": "GT-PAGE/petrarca_psalmi_1506_0010.xml",
    "ocr": "OCR-D-OCR/OCR-D-OCR_0010.xml",

    "cer": 0.16536848412222888,
    "wer": 0.6763485477178424,


    "n_characters": 1669,
    "n_words": 241
}