{
    "gt": "GT-PAGE/petrarca_psalmi_1506_0012.xml",
    "ocr": "OCR-D-OCR/OCR-D-OCR_0012.xml",

    "cer": 0.1327188940092166,
    "wer": 0.5866666666666667,


    "n_characters": 1085,
    "n_words": 150
}