{
    "gt": "GT-PAGE/petrarca_psalmi_1506_0016.xml",
    "ocr": "OCR-D-OCR/OCR-D-OCR_0016.xml",

    "cer": 0.12025316455696203,
    "wer": 0.5454545454545454,


    "n_characters": 158,
    "n_words": 22
}