{
    "gt": "GT-PAGE/pistoris_regiment_1506_0010.xml",
    "ocr": "OCR-D-OCR/OCR-D-OCR_0002.xml",

    "cer": 0.06885758998435054,
    "wer": 0.17177914110429449,


    "n_characters": 1917,
    "n_words": 326
}