{
    "gt": "GT-PAGE/pistoris_regiment_1506_0011.xml",
    "ocr": "OCR-D-OCR/OCR-D-OCR_0003.xml",

    "cer": 0.10184372256365233,
    "wer": 0.29381443298969073,


    "n_characters": 1139,
    "n_words": 194
}