{
    "gt": "GT-PAGE/pistoris_regiment_1506_0009.xml",
    "ocr": "OCR-D-OCR/OCR-D-OCR_0001.xml",

    "cer": 0.24390243902439024,
    "wer": 0.42323651452282157,


    "n_characters": 1394,
    "n_words": 241
}