{
    "gt": "GT-PAGE/nn_besuch_1780_00001.xml",
    "ocr": "OCR-D-OCR/OCR-D-OCR_00001.xml",

    "cer": 0.06329113924050633,
    "wer": 0.2786885245901639,


    "n_characters": 316,
    "n_words": 61
}