{
    "gt": "GT-PAGE/nn_besuch_1780_00002.xml",
    "ocr": "OCR-D-OCR/OCR-D-OCR_00002.xml",

    "cer": 0.05303867403314917,
    "wer": 0.18229166666666666,


    "n_characters": 905,
    "n_words": 192
}