{
    "gt": "GT-PAGE/nn_besuch_1780_00003.xml",
    "ocr": "OCR-D-OCR/OCR-D-OCR_00003.xml",

    "cer": 0.08061002178649238,
    "wer": 0.24867724867724866,


    "n_characters": 918,
    "n_words": 189
}