{
    "gt": "GT-PAGE/nn_besuch_1780_00004.xml",
    "ocr": "OCR-D-OCR/OCR-D-OCR_00004.xml",

    "cer": 0.058823529411764705,
    "wer": 0.18627450980392157,


    "n_characters": 493,
    "n_words": 102
}