{
    "gt": "GT-PAGE/blumenbach_anatomie_1805_0048.xml",
    "ocr": "OCR-D-OCR/OCR-D-OCR_0002.xml",

    "cer": 0.026680896478121666,
    "wer": 0.11851851851851852,


    "n_characters": 937,
    "n_words": 135
}