{
    "gt": "GT-PAGE/blumenbach_anatomie_1805_0049.xml",
    "ocr": "OCR-D-OCR/OCR-D-OCR_0003.xml",

    "cer": 0.07728337236533958,
    "wer": 0.2366412213740458,


    "n_characters": 854,
    "n_words": 131
}