{
    "gt": "GT-PAGE/blumenbach_anatomie_1805_0047.xml",
    "ocr": "OCR-D-OCR/OCR-D-OCR_0001.xml",

    "cer": 0.03894736842105263,
    "wer": 0.13333333333333333,


    "n_characters": 950,
    "n_words": 150
}