{
    "gt": "OCR-D-GT-SEG-PAGE/OCR-D-GT-SEG-PAGE_0001.xml",
    "ocr": "OCR-D-OCR/OCR-D-OCR_0001.xml",

    "cer": 0.10944444444444444,
    "wer": 0.24603174603174602,


    "n_characters": 1800,
    "n_words": 252
}