{
    "gt": "OCR-D-GT-SEG-PAGE/OCR-D-GT-SEG-PAGE_0002.xml",
    "ocr": "OCR-D-OCR/OCR-D-OCR_0002.xml",

    "cer": 0.059873949579831935,
    "wer": 0.10294117647058823,


    "n_characters": 1904,
    "n_words": 272
}