{
    "gt": "GT-PAGE/bebel_frau_1879_0168.xml",
    "ocr": "OCR-D-OCR/OCR-D-OCR_0002.xml",

    "cer": 0.10010735373054214,
    "wer": 0.1227106227106227,


    "n_characters": 3726,
    "n_words": 546
}