{
    "gt": "GT-PAGE/bebel_frau_1879_0176.xml",
    "ocr": "OCR-D-OCR/OCR-D-OCR_0003.xml",

    "cer": 0.15556919300398894,
    "wer": 0.16701902748414377,


    "n_characters": 3259,
    "n_words": 473
}