{
    "gt": "GT-PAGE/trota_mordtbrenner_1540_0013.xml",
    "ocr": "OCR-D-OCR/OCR-D-OCR_0002.xml",

    "cer": 0.025396825396825397,
    "wer": 0.10784313725490197,


    "n_characters": 630,
    "n_words": 102
}