{
    "gt": "GT-PAGE/loeber_heuschrecken_1693_0009.xml",
    "ocr": "OCR-D-OCR/OCR-D-OCR_0002.xml",

    "cer": 0.05399195864445721,
    "wer": 0.18772563176895307,


    "n_characters": 1741,
    "n_words": 277
}