{
    "gt": "GT-PAGE/loeber_heuschrecken_1693_0046.xml",
    "ocr": "OCR-D-OCR/OCR-D-OCR_0003.xml",

    "cer": 0.045317220543806644,
    "wer": 0.10714285714285714,


    "n_characters": 993,
    "n_words": 168
}