{
    "gt": "GT-PAGE/laube_europa0202_1837_0006.xml",
    "ocr": "OCR-D-OCR/OCR-D-OCR_0001.xml",

    "cer": 0.3916083916083916,
    "wer": 0.5238095238095238,


    "n_characters": 143,
    "n_words": 21
}