{
    "gt": "GT-PAGE/laube_europa0202_1837_0105.xml",
    "ocr": "OCR-D-OCR/OCR-D-OCR_0003.xml",

    "cer": 0.06263736263736264,
    "wer": 0.1118421052631579,


    "n_characters": 910,
    "n_words": 152
}