{
    "gt": "GT-PAGE/euler_rechenkunst01_1738_0033.xml",
    "ocr": "OCR-D-OCR/OCR-D-OCR_0005.xml",

    "cer": 0.1902222222222222,
    "wer": 0.3136094674556213,


    "n_characters": 1125,
    "n_words": 169
}