{
    "gt": "GT-PAGE/euler_rechenkunst01_1738_0026.xml",
    "ocr": "OCR-D-OCR/OCR-D-OCR_0003.xml",

    "cer": 0.3466564181398924,
    "wer": 0.47572815533980584,


    "n_characters": 1301,
    "n_words": 206
}