{
    "gt": "GT-PAGE/euler_rechenkunst01_1738_0024.xml",
    "ocr": "OCR-D-OCR/OCR-D-OCR_0001.xml",

    "cer": 0.11621856027753687,
    "wer": 0.19186046511627908,


    "n_characters": 1153,
    "n_words": 172
}