{
    "gt": "GT-PAGE/euler_rechenkunst01_1738_0041.xml",
    "ocr": "OCR-D-OCR/OCR-D-OCR_0006.xml",

    "cer": 0.3581395348837209,
    "wer": 0.45985401459854014,


    "n_characters": 860,
    "n_words": 137
}