{
    "gt": "GT-PAGE/euler_rechenkunst01_1738_0025.xml",
    "ocr": "OCR-D-OCR/OCR-D-OCR_0002.xml",

    "cer": 0.5747368421052632,
    "wer": 0.7926829268292683,


    "n_characters": 950,
    "n_words": 164
}