{
    "gt": "GT-PAGE/euler_rechenkunst01_1738_0031.xml",
    "ocr": "OCR-D-OCR/OCR-D-OCR_0004.xml",

    "cer": 0.42727272727272725,
    "wer": 0.6451612903225806,


    "n_characters": 990,
    "n_words": 155
}