{
    "gt": "GT-PAGE/reinkingk_policey_1653_0017.xml",
    "ocr": "OCR-D-OCR/OCR-D-OCR_0002.xml",

    "cer": 0.25308641975308643,
    "wer": 0.352112676056338,


    "n_characters": 1782,
    "n_words": 284
}