{
    "gt": "GT-PAGE/reinkingk_policey_1653_0139.xml",
    "ocr": "OCR-D-OCR/OCR-D-OCR_0003.xml",

    "cer": 0.054859868813357186,
    "wer": 0.11397058823529412,


    "n_characters": 1677,
    "n_words": 272
}