{
    "gt": "GT-PAGE/reinkingk_policey_1653_0016.xml",
    "ocr": "OCR-D-OCR/OCR-D-OCR_0001.xml",

    "cer": 0.30777044184865415,
    "wer": 0.436426116838488,


    "n_characters": 1969,
    "n_words": 291
}