{
    "gt": "GT-PAGE/karlstadt_sermon_1523_0020.xml",
    "ocr": "OCR-D-OCR/OCR-D-OCR_0002.xml",

    "cer": 0.16954314720812183,
    "wer": 0.5481049562682215,


    "n_characters": 1970,
    "n_words": 343
}