{
    "gt": "GT-PAGE/karlstadt_sermon_1523_0006.xml",
    "ocr": "OCR-D-OCR/OCR-D-OCR_0001.xml",

    "cer": 0.22537473233404712,
    "wer": 0.65625,


    "n_characters": 1868,
    "n_words": 288
}