{
    "gt": "OCR-D-GT-SEG-PAGE/OCR-D-GT-SEG-PAGE_0002.xml",
    "ocr": "OCR-D-OCR/OCR-D-OCR_0002.xml",

    "cer": 0.18361581920903955,
    "wer": 0.47019867549668876,


    "n_characters": 1062,
    "n_words": 151
}