{
    "gt": "OCR-D-GT-SEG-PAGE/OCR-D-GT-SEG-PAGE_0004.xml",
    "ocr": "OCR-D-OCR/OCR-D-OCR_0004.xml",

    "cer": 0.10538922155688622,
    "wer": 0.4079601990049751,


    "n_characters": 2505,
    "n_words": 402
}