{
    "gt": "OCR-D-GT-SEG-PAGE/OCR-D-GT-SEG-PAGE_0003.xml",
    "ocr": "OCR-D-OCR/OCR-D-OCR_0003.xml",

    "cer": 0.10576194086429112,
    "wer": 0.41217798594847777,


    "n_characters": 2638,
    "n_words": 427
}