{
    "gt": "GT-PAGE/weigel_gnothi02_1618_0112.xml",
    "ocr": "OCR-D-OCR/OCR-D-OCR_0004.xml",

    "cer": 0.0747599451303155,
    "wer": 0.1111111111111111,


    "n_characters": 1458,
    "n_words": 234
}