{
    "gt": "GT-PAGE/weigel_gnothi02_1618_0016.xml",
    "ocr": "OCR-D-OCR/OCR-D-OCR_0003.xml",

    "cer": 0.08310055865921788,
    "wer": 0.13966480446927373,


    "n_characters": 1432,
    "n_words": 179
}