{
    "gt": "GT-PAGE/osiander_predigt_1553_0007.xml",
    "ocr": "OCR-D-OCR/OCR-D-OCR_0001.xml",

    "cer": 0.07279693486590039,
    "wer": 0.18309859154929578,


    "n_characters": 783,
    "n_words": 142
}