{
    "gt": "GT-PAGE/nn_lied_1515_0006.xml",
    "ocr": "OCR-D-OCR/OCR-D-OCR_0006.xml",

    "cer": 0.1981981981981982,
    "wer": 0.5319148936170213,


    "n_characters": 999,
    "n_words": 188
}