{
    "gt": "GT-PAGE/laube_europa0202_1837_0105.xml",
    "ocr": "OCR-D-OCR/OCR-D-OCR_0003.xml",

    "cer": 0.04835164835164835,
    "wer": 0.05921052631578947,


    "n_characters": 910,
    "n_words": 152
}