{
    "gt": "GT-PAGE/alberti_pictura_1540_0008.xml",
    "ocr": "OCR-D-OCR/OCR-D-OCR_0008.xml",

    "cer": 0.07700101317122594,
    "wer": 0.2111801242236025,


    "n_characters": 987,
    "n_words": 161
}