{
    "gt": "GT-PAGE/vespucci_insule_1506_0019.xml",
    "ocr": "OCR-D-OCR/OCR-D-OCR_0002.xml",

    "cer": 0.054775280898876406,
    "wer": 0.17938931297709923,


    "n_characters": 1424,
    "n_words": 262
}