{
    "gt": "GT-PAGE/kant_aufklaerung_1784_0020.xml",
    "ocr": "OCR-D-OCR/OCR-D-OCR_0002.xml",

    "cer": 0.11705202312138728,
    "wer": 0.3853658536585366,


    "n_characters": 1384,
    "n_words": 205
}