{
    "gt": "GT-PAGE/kant_aufklaerung_1784_0017.xml",
    "ocr": "OCR-D-OCR/OCR-D-OCR_0001.xml",

    "cer": 0.12804878048780488,
    "wer": 0.43548387096774194,


    "n_characters": 820,
    "n_words": 124
}