{
    "gt": "GT-PAGE/buerger_gedichte_1778_0039.xml",
    "ocr": "OCR-D-OCR/OCR-D-OCR_0001.xml",

    "cer": 0.23929747530186607,
    "wer": 0.34558823529411764,


    "n_characters": 911,
    "n_words": 136
}