{
    "gt": "GT-PAGE/buerger_gedichte_1778_0066.xml",
    "ocr": "OCR-D-OCR/OCR-D-OCR_0002.xml",

    "cer": 0.03587443946188341,
    "wer": 0.08108108108108109,


    "n_characters": 223,
    "n_words": 37
}