{
    "gt": "GT-PAGE/nn_besuch_1780_00001.xml",
    "ocr": "OCR-D-OCR/OCR-D-OCR_00001.xml",

    "cer": 0.18670886075949367,
    "wer": 0.21311475409836064,


    "n_characters": 316,
    "n_words": 61
}