{
    "gt": "GT-PAGE/nn_besuch_1780_00004.xml",
    "ocr": "OCR-D-OCR/OCR-D-OCR_00004.xml",

    "cer": 0.016227180527383367,
    "wer": 0.08823529411764706,


    "n_characters": 493,
    "n_words": 102
}