{
    "gt": "GT-PAGE/nn_besuch_1780_00003.xml",
    "ocr": "OCR-D-OCR/OCR-D-OCR_00003.xml",

    "cer": 0.0196078431372549,
    "wer": 0.07407407407407407,


    "n_characters": 918,
    "n_words": 189
}