{
    "gt": "GT-PAGE/bohse_helicon_1696_0007.xml",
    "ocr": "OCR-D-OCR/OCR-D-OCR_0001.xml",

    "cer": 0.455026455026455,
    "wer": 0.6595744680851063,


    "n_characters": 378,
    "n_words": 47
}