{
    "gt": "GT-PAGE/bohse_helicon_1696_0022.xml",
    "ocr": "OCR-D-OCR/OCR-D-OCR_0004.xml",

    "cer": 0.3427800269905533,
    "wer": 0.6481481481481481,


    "n_characters": 741,
    "n_words": 108
}