{
    "gt": "GT-PAGE/bohse_helicon_1696_0009.xml",
    "ocr": "OCR-D-OCR/OCR-D-OCR_0002.xml",

    "cer": 0.4081081081081081,
    "wer": 0.6111111111111112,


    "n_characters": 370,
    "n_words": 54
}