{
    "gt": "GT-PAGE/bohse_helicon_1696_0036.xml",
    "ocr": "OCR-D-OCR/OCR-D-OCR_0005.xml",

    "cer": 0.17029972752043596,
    "wer": 0.3832599118942731,


    "n_characters": 1468,
    "n_words": 227
}