{
    "gt": "GT-PAGE/bohse_helicon_1696_0021.xml",
    "ocr": "OCR-D-OCR/OCR-D-OCR_0003.xml",

    "cer": 0.38045977011494253,
    "wer": 0.5106382978723404,


    "n_characters": 870,
    "n_words": 141
}