{
    "gt": "GT-PAGE/brenz_abentmal_1550_0007.xml",
    "ocr": "OCR-D-OCR/OCR-D-OCR_0001.xml",

    "cer": 0.38461538461538464,
    "wer": 0.7592592592592593,


    "n_characters": 325,
    "n_words": 54
}