{
    "gt": "GT-PAGE/brenz_abentmal_1550_0046.xml",
    "ocr": "OCR-D-OCR/OCR-D-OCR_0003.xml",

    "cer": 0.19333333333333333,
    "wer": 0.2828282828282828,


    "n_characters": 600,
    "n_words": 99
}