{
    "gt": "GT-PAGE/brenz_abentmal_1550_0043.xml",
    "ocr": "OCR-D-OCR/OCR-D-OCR_0002.xml",

    "cer": 0.32105263157894737,
    "wer": 0.3968253968253968,


    "n_characters": 380,
    "n_words": 63
}