{
    "gt": "OCR-D-GT-SEG-PAGE/OCR-D-GT-SEG-PAGE_0001.xml",
    "ocr": "OCR-D-OCR/OCR-D-OCR_0001.xml",

    "cer": 0.18607555416796753,
    "wer": 0.39285714285714285,


    "n_characters": 3203,
    "n_words": 476
}