{
    "gt": "OCR-D-GT-SEG-PAGE/OCR-D-GT-SEG-PAGE_0002.xml",
    "ocr": "OCR-D-OCR/OCR-D-OCR_0002.xml",

    "cer": 0.24635069381870608,
    "wer": 0.4654586636466591,


    "n_characters": 5549,
    "n_words": 883
}