{
    "gt": "GT-PAGE/lohenstein_agrippina_1665_0121.xml",
    "ocr": "OCR-D-OCR/OCR-D-OCR_0003.xml",

    "cer": 0.1834983498349835,
    "wer": 0.29615384615384616,


    "n_characters": 1515,
    "n_words": 260
}