{
    "gt": "GT-PAGE/lohenstein_agrippina_1665_0018.xml",
    "ocr": "OCR-D-OCR/OCR-D-OCR_0001.xml",

    "cer": 0.13616652211621855,
    "wer": 0.3037974683544304,


    "n_characters": 1153,
    "n_words": 158
}