{
    "gt": "GT-PAGE/lohenstein_agrippina_1665_0019.xml",
    "ocr": "OCR-D-OCR/OCR-D-OCR_0002.xml",

    "cer": 0.11929170549860205,
    "wer": 0.22872340425531915,


    "n_characters": 1073,
    "n_words": 188
}