{
    "gt": "GT-PAGE/rhegius_artzney_1529_0014.xml",
    "ocr": "OCR-D-OCR/OCR-D-OCR_0002.xml",

    "cer": 0.21694214876033058,
    "wer": 0.5555555555555556,


    "n_characters": 968,
    "n_words": 171
}