{
    "gt": "GT-PAGE/rhegius_artzney_1529_0019.xml",
    "ocr": "OCR-D-OCR/OCR-D-OCR_0003.xml",

    "cer": 0.18893129770992367,
    "wer": 0.581151832460733,


    "n_characters": 1048,
    "n_words": 191
}