{
    "gt": "GT-PAGE/rhegius_artzney_1529_0007.xml",
    "ocr": "OCR-D-OCR/OCR-D-OCR_0001.xml",

    "cer": 0.21533613445378152,
    "wer": 0.5828220858895705,


    "n_characters": 952,
    "n_words": 163
}