{
    "gt": "GT-PAGE/lohenstein_agrippina_1665_0121.xml",
    "ocr": "OCR-D-OCR/OCR-D-OCR_0003.xml",

    "cer": 0.07326732673267326,
    "wer": 0.15384615384615385,


    "n_characters": 1515,
    "n_words": 260
}