{
    "gt": "GT-PAGE/lohenstein_agrippina_1665_0019.xml",
    "ocr": "OCR-D-OCR/OCR-D-OCR_0002.xml",

    "cer": 0.09878844361602983,
    "wer": 0.15425531914893617,


    "n_characters": 1073,
    "n_words": 188
}