{
    "gt": "GT-PAGE/lohenstein_agrippina_1665_0018.xml",
    "ocr": "OCR-D-OCR/OCR-D-OCR_0001.xml",

    "cer": 0.060711188204683436,
    "wer": 0.13924050632911392,


    "n_characters": 1153,
    "n_words": 158
}