{
    "gt": "GT-PAGE/nn_vertrag_1525_0007.xml",
    "ocr": "OCR-D-OCR/OCR-D-OCR_0002.xml",

    "cer": 0.22815158546017014,
    "wer": 0.5760869565217391,


    "n_characters": 1293,
    "n_words": 184
}