{
    "gt": "GT-PAGE/silesius_seelenlust01_1657_0423.xml",
    "ocr": "OCR-D-OCR/OCR-D-OCR_0005.xml",

    "cer": 0.318118948824343,
    "wer": 0.5735294117647058,


    "n_characters": 723,
    "n_words": 136
}