{
    "gt": "GT-PAGE/silesius_seelenlust01_1657_0021.xml",
    "ocr": "OCR-D-OCR/OCR-D-OCR_0003.xml",

    "cer": 0.22439024390243903,
    "wer": 0.4647887323943662,


    "n_characters": 410,
    "n_words": 71
}