{
    "gt": "GT-PAGE/silesius_seelenlust01_1657_0009.xml",
    "ocr": "OCR-D-OCR/OCR-D-OCR_0001.xml",

    "cer": 0.3214990138067061,
    "wer": 0.7536231884057971,


    "n_characters": 507,
    "n_words": 69
}