{
    "gt": "GT-PAGE/silesius_seelenlust01_1657_0022.xml",
    "ocr": "OCR-D-OCR/OCR-D-OCR_0004.xml",

    "cer": 0.17147192716236723,
    "wer": 0.31451612903225806,


    "n_characters": 659,
    "n_words": 124
}