{
    "gt": "GT-PAGE/silesius_seelenlust01_1657_0010.xml",
    "ocr": "OCR-D-OCR/OCR-D-OCR_0002.xml",

    "cer": 0.18804920913884007,
    "wer": 0.5520833333333334,


    "n_characters": 569,
    "n_words": 96
}