{
    "gt": "GT-PAGE/aepinus_bekentnis_1548_0021.xml",
    "ocr": "OCR-D-OCR/OCR-D-OCR_0004.xml",

    "cer": 0.0425531914893617,
    "wer": 0.1811320754716981,


    "n_characters": 1645,
    "n_words": 265
}