{
    "gt": "GT-PAGE/aepinus_bekentnis_1548_0020.xml",
    "ocr": "OCR-D-OCR/OCR-D-OCR_0003.xml",

    "cer": 0.08213256484149856,
    "wer": 0.19230769230769232,


    "n_characters": 694,
    "n_words": 104
}