{
    "gt": "GT-PAGE/aepinus_bekentnis_1548_0007.xml",
    "ocr": "OCR-D-OCR/OCR-D-OCR_0002.xml",

    "cer": 0.15819209039548024,
    "wer": 0.33031674208144796,


    "n_characters": 1416,
    "n_words": 221
}