{
    "gt": "OCR-D-GT-SEG-PAGE/OCR-D-GT-SEG-PAGE_0002.xml",
    "ocr": "OCR-D-OCR/OCR-D-OCR_0002.xml",

    "cer": 0.037943696450428395,
    "wer": 0.11333333333333333,


    "n_characters": 817,
    "n_words": 150
}