{
    "gt": "OCR-D-GT-SEG-PAGE/OCR-D-GT-SEG-PAGE_0001.xml",
    "ocr": "OCR-D-OCR/OCR-D-OCR_0001.xml",

    "cer": 0.06504065040650407,
    "wer": 0.21774193548387097,


    "n_characters": 738,
    "n_words": 124
}