{
    "gt": "GT-PAGE/nn_vertrag_1525_0007.xml",
    "ocr": "OCR-D-OCR/OCR-D-OCR_0002.xml",

    "cer": 0.03248259860788863,
    "wer": 0.15760869565217392,


    "n_characters": 1293,
    "n_words": 184
}