{
    "gt": "GT-PAGE/silesius_seelenlust01_1657_0021.xml",
    "ocr": "OCR-D-OCR/OCR-D-OCR_0003.xml",

    "cer": 0.33658536585365856,
    "wer": 0.6338028169014085,


    "n_characters": 410,
    "n_words": 71
}