{
    "gt": "GT-PAGE/silesius_seelenlust01_1657_0022.xml",
    "ocr": "OCR-D-OCR/OCR-D-OCR_0004.xml",

    "cer": 0.17298937784522003,
    "wer": 0.3709677419354839,


    "n_characters": 659,
    "n_words": 124
}