{
    "gt": "GT-PAGE/silesius_seelenlust01_1657_0423.xml",
    "ocr": "OCR-D-OCR/OCR-D-OCR_0005.xml",

    "cer": 0.34024896265560167,
    "wer": 0.6102941176470589,


    "n_characters": 723,
    "n_words": 136
}