{
    "gt": "GT-PAGE/silesius_seelenlust01_1657_0009.xml",
    "ocr": "OCR-D-OCR/OCR-D-OCR_0001.xml",

    "cer": 0.17159763313609466,
    "wer": 0.6231884057971014,


    "n_characters": 507,
    "n_words": 69
}