{
    "gt": "GT-PAGE/silesius_seelenlust01_1657_0010.xml",
    "ocr": "OCR-D-OCR/OCR-D-OCR_0002.xml",

    "cer": 0.4938488576449912,
    "wer": 1.0104166666666667,


    "n_characters": 569,
    "n_words": 96
}