{
    "gt": "GT-PAGE/luther_auszlegunge_1520_0003.xml",
    "ocr": "OCR-D-OCR/OCR-D-OCR_0003.xml",

    "cer": 0.528494301139772,
    "wer": 0.7859531772575251,


    "n_characters": 1667,
    "n_words": 299
}