{
    "gt": "GT-PAGE/luther_auszlegunge_1520_0029.xml",
    "ocr": "OCR-D-OCR/OCR-D-OCR_0029.xml",

    "cer": 0.22632423756019263,
    "wer": 0.6359447004608295,


    "n_characters": 1246,
    "n_words": 217
}