{
    "gt": "GT-PAGE/justi_abhandlung01_1758_0031.xml",
    "ocr": "OCR-D-OCR/OCR-D-OCR_0002.xml",

    "cer": 0.15212765957446808,
    "wer": 0.2361111111111111,


    "n_characters": 940,
    "n_words": 144
}