{
    "gt": "GT-PAGE/justi_abhandlung01_1758_0134.xml",
    "ocr": "OCR-D-OCR/OCR-D-OCR_0004.xml",

    "cer": 0.13382157123834887,
    "wer": 0.22466960352422907,


    "n_characters": 1502,
    "n_words": 227
}