{
    "gt": "GT-PAGE/justi_abhandlung01_1758_0026.xml",
    "ocr": "OCR-D-OCR/OCR-D-OCR_0001.xml",

    "cer": 0.11076280041797283,
    "wer": 0.29523809523809524,


    "n_characters": 957,
    "n_words": 105
}