{
    "gt": "GT-PAGE/heyden_paedono_1548_0013.xml",
    "ocr": "OCR-D-OCR/OCR-D-OCR_0013.xml",

    "cer": 0.07848837209302326,
    "wer": 0.27184466019417475,


    "n_characters": 688,
    "n_words": 103
}