{
    "gt": "GT-PAGE/heyden_paedono_1548_0007.xml",
    "ocr": "OCR-D-OCR/OCR-D-OCR_0007.xml",

    "cer": 0.06505295007564296,
    "wer": 0.2169811320754717,


    "n_characters": 661,
    "n_words": 106
}