{
    "gt": "GT-PAGE/heyden_paedono_1548_0014.xml",
    "ocr": "OCR-D-OCR/OCR-D-OCR_0014.xml",

    "cer": 0.030864197530864196,
    "wer": 0.11016949152542373,


    "n_characters": 810,
    "n_words": 118
}