{
    "gt": "GT-PAGE/petrarca_psalmi_1506_0010.xml",
    "ocr": "OCR-D-OCR/OCR-D-OCR_0010.xml",

    "cer": 0.3091671659676453,
    "wer": 0.8879668049792531,


    "n_characters": 1669,
    "n_words": 241
}