{
    "gt": "OCR-D-GT-SEG-PAGE/OCR-D-GT-SEG-PAGE_0003.xml",
    "ocr": "OCR-D-OCR/OCR-D-OCR_0003.xml",

    "cer": 0.4666226040978189,
    "wer": 0.668141592920354,


    "n_characters": 1513,
    "n_words": 226
}