{
    "gt": "OCR-D-GT-SEG-PAGE/OCR-D-GT-SEG-PAGE_0004.xml",
    "ocr": "OCR-D-OCR/OCR-D-OCR_0004.xml",

    "cer": 0.17565872020075282,
    "wer": 0.3948339483394834,


    "n_characters": 1594,
    "n_words": 271
}