{
    "gt": "OCR-D-GT-SEG-PAGE/OCR-D-GT-SEG-PAGE_0001.xml",
    "ocr": "OCR-D-OCR/OCR-D-OCR_0001.xml",

    "cer": 0.1567258883248731,
    "wer": 0.5138339920948617,


    "n_characters": 1576,
    "n_words": 253
}