{
    "gt": "GT-PAGE/pistoris_regiment_1506_0009.xml",
    "ocr": "OCR-D-OCR/OCR-D-OCR_0001.xml",

    "cer": 0.2073170731707317,
    "wer": 0.3360995850622407,


    "n_characters": 1394,
    "n_words": 241
}