{
    "gt": "GT-PAGE/pistoris_regiment_1506_0010.xml",
    "ocr": "OCR-D-OCR/OCR-D-OCR_0002.xml",

    "cer": 0.1914449660928534,
    "wer": 0.27607361963190186,


    "n_characters": 1917,
    "n_words": 326
}