{
    "gt": "GT-PAGE/pistoris_regiment_1506_0011.xml",
    "ocr": "OCR-D-OCR/OCR-D-OCR_0003.xml",

    "cer": 0.09745390693590869,
    "wer": 0.23195876288659795,


    "n_characters": 1139,
    "n_words": 194
}