{
    "gt": "GT-PAGE/nn_besuch_1780_00004.xml",
    "ocr": "OCR-D-OCR/OCR-D-OCR_00004.xml",

    "cer": 0.11156186612576065,
    "wer": 0.39215686274509803,


    "n_characters": 493,
    "n_words": 102
}