{
    "gt": "GT-PAGE/nn_besuch_1780_00002.xml",
    "ocr": "OCR-D-OCR/OCR-D-OCR_00002.xml",

    "cer": 0.09392265193370165,
    "wer": 0.3645833333333333,


    "n_characters": 905,
    "n_words": 192
}