{
    "gt": "GT-PAGE/nn_besuch_1780_00001.xml",
    "ocr": "OCR-D-OCR/OCR-D-OCR_00001.xml",

    "cer": 0.2911392405063291,
    "wer": 0.5245901639344263,


    "n_characters": 316,
    "n_words": 61
}