{
    "gt": "GT-PAGE/nn_besuch_1780_00003.xml",
    "ocr": "OCR-D-OCR/OCR-D-OCR_00003.xml",

    "cer": 0.1056644880174292,
    "wer": 0.4074074074074074,


    "n_characters": 918,
    "n_words": 189
}