{
    "gt": "GT-PAGE/benner_herrnhuterey04_1748_0016.xml",
    "ocr": "OCR-D-OCR/OCR-D-OCR_0004.xml",

    "cer": 0.09706362153344208,
    "wer": 0.291005291005291,


    "n_characters": 1226,
    "n_words": 189
}