{
    "gt": "GT-PAGE/benner_herrnhuterey04_1748_0015.xml",
    "ocr": "OCR-D-OCR/OCR-D-OCR_0003.xml",

    "cer": 0.17533557046979867,
    "wer": 0.4134078212290503,


    "n_characters": 1192,
    "n_words": 179
}