{
    "gt": "GT-PAGE/benner_herrnhuterey04_1748_0013.xml",
    "ocr": "OCR-D-OCR/OCR-D-OCR_0001.xml",

    "cer": 0.3377777777777778,
    "wer": 0.48175182481751827,


    "n_characters": 900,
    "n_words": 137
}