{
    "gt": "GT-PAGE/benner_herrnhuterey04_1748_0014.xml",
    "ocr": "OCR-D-OCR/OCR-D-OCR_0002.xml",

    "cer": 0.08685258964143426,
    "wer": 0.3620689655172414,


    "n_characters": 1255,
    "n_words": 174
}