{
    "gt": "GT-PAGE/bernd_lebensbeschreibung_1738_0021.xml",
    "ocr": "OCR-D-OCR/OCR-D-OCR_0002.xml",

    "cer": 0.13608562691131498,
    "wer": 0.38392857142857145,


    "n_characters": 654,
    "n_words": 112
}