{
    "gt": "GT-PAGE/bernd_lebensbeschreibung_1738_0066.xml",
    "ocr": "OCR-D-OCR/OCR-D-OCR_0003.xml",

    "cer": 0.10550458715596331,
    "wer": 0.36283185840707965,


    "n_characters": 1308,
    "n_words": 226
}