{
    "gt": "GT-PAGE/nn_historia_1500_0009.xml",
    "ocr": "OCR-D-OCR/OCR-D-OCR_0009.xml",

    "cer": 0.2333071484681854,
    "wer": 0.6846473029045643,


    "n_characters": 1273,
    "n_words": 241
}