{
    "gt": "GT-PAGE/nn_historia_1500_0007.xml",
    "ocr": "OCR-D-OCR/OCR-D-OCR_0007.xml",

    "cer": 0.25210084033613445,
    "wer": 0.7804878048780488,


    "n_characters": 238,
    "n_words": 41
}