{
    "gt": "GT-PAGE/arnimb_goethe03_1835_0029.xml",
    "ocr": "OCR-D-OCR/OCR-D-OCR_0001.xml",

    "cer": 0.10198300283286119,
    "wer": 0.3544973544973545,


    "n_characters": 1059,
    "n_words": 189
}