{
    "gt": "OCR-D-GT-SEG-PAGE/OCR-D-GT-SEG-PAGE_0002.xml",
    "ocr": "OCR-D-OCR/OCR-D-OCR_0002.xml",

    "cer": 0.05619747899159664,
    "wer": 0.13602941176470587,


    "n_characters": 1904,
    "n_words": 272
}