{
    "gt": "OCR-D-GT-SEG-PAGE/OCR-D-GT-SEG-PAGE_0001.xml",
    "ocr": "OCR-D-OCR/OCR-D-OCR_0001.xml",

    "cer": 0.31555555555555553,
    "wer": 0.3333333333333333,


    "n_characters": 1800,
    "n_words": 252
}