{
    "gt": "OCR-D-GT-SEG-PAGE/OCR-D-GT-SEG-PAGE_0002.xml",
    "ocr": "OCR-D-OCR/OCR-D-OCR_0002.xml",

    "cer": 0.13161290322580646,
    "wer": 0.45323741007194246,


    "n_characters": 775,
    "n_words": 139
}