{
    "gt": "OCR-D-GT-SEG-PAGE/OCR-D-GT-SEG-PAGE_0001.xml",
    "ocr": "OCR-D-OCR/OCR-D-OCR_0001.xml",

    "cer": 0.20376522702104097,
    "wer": 0.49056603773584906,


    "n_characters": 903,
    "n_words": 159
}