{
    "gt": "GT-PAGE/rollenhagen_reysen_1603_0011.xml",
    "ocr": "OCR-D-OCR/OCR-D-OCR_0002.xml",

    "cer": 0.18996062992125984,
    "wer": 0.3006535947712418,


    "n_characters": 1016,
    "n_words": 153
}