{
    "gt": "GT-PAGE/rollenhagen_reysen_1603_0012.xml",
    "ocr": "OCR-D-OCR/OCR-D-OCR_0003.xml",

    "cer": 0.1473922902494331,
    "wer": 0.2300469483568075,


    "n_characters": 1323,
    "n_words": 213
}