{
    "gt": "GT-PAGE/rollenhagen_reysen_1603_0007.xml",
    "ocr": "OCR-D-OCR/OCR-D-OCR_0001.xml",

    "cer": 0.3127629733520337,
    "wer": 0.5614035087719298,


    "n_characters": 713,
    "n_words": 114
}