{
    "gt": "GT-PAGE/ballenstedt_delatio_1777_00010.xml",
    "ocr": "OCR-D-OCR/OCR-D-OCR_00010.xml",

    "cer": 0.04881974248927039,
    "wer": 0.2178988326848249,


    "n_characters": 1864,
    "n_words": 257
}