{
    "gt": "GT-PAGE/ballenstedt_delatio_1777_00005.xml",
    "ocr": "OCR-D-OCR/OCR-D-OCR_00005.xml",

    "cer": 0.15873015873015872,
    "wer": 0.33884297520661155,


    "n_characters": 1701,
    "n_words": 242
}