{
    "gt": "GT-PAGE/ballenstedt_delatio_1777_00003.xml",
    "ocr": "OCR-D-OCR/OCR-D-OCR_00003.xml",

    "cer": 0.016036655211912942,
    "wer": 0.08438818565400844,


    "n_characters": 1746,
    "n_words": 237
}