{
    "gt": "GT-PAGE/nn_besuch_1780_00001.xml",
    "ocr": "OCR-D-OCR/OCR-D-OCR_00001.xml",

    "cer": 0.17405063291139242,
    "wer": 0.22950819672131148,


    "n_characters": 316,
    "n_words": 61
}