{
    "gt": "GT-PAGE/nn_besuch_1780_00004.xml",
    "ocr": "OCR-D-OCR/OCR-D-OCR_00004.xml",

    "cer": 0.018255578093306288,
    "wer": 0.049019607843137254,


    "n_characters": 493,
    "n_words": 102
}