{
    "gt": "GT-PAGE/nn_besuch_1780_00003.xml",
    "ocr": "OCR-D-OCR/OCR-D-OCR_00003.xml",

    "cer": 0.010893246187363835,
    "wer": 0.042328042328042326,


    "n_characters": 918,
    "n_words": 189
}