{
    "gt": "GT-PAGE/nn_besuch_1780_00002.xml",
    "ocr": "OCR-D-OCR/OCR-D-OCR_00002.xml",

    "cer": 0.009944751381215469,
    "wer": 0.06770833333333333,


    "n_characters": 905,
    "n_words": 192
}