{
    "gt": "GT-PAGE/loeber_heuschrecken_1693_0005.xml",
    "ocr": "OCR-D-OCR/OCR-D-OCR_0001.xml",

    "cer": 0.42990654205607476,
    "wer": 0.788235294117647,


    "n_characters": 1070,
    "n_words": 170
}