{
    "gt": "GT-PAGE/loeber_heuschrecken_1693_0046.xml",
    "ocr": "OCR-D-OCR/OCR-D-OCR_0003.xml",

    "cer": 0.21651560926485397,
    "wer": 0.5059523809523809,


    "n_characters": 993,
    "n_words": 168
}