{
    "gt": "GT-PAGE/loeber_heuschrecken_1693_0009.xml",
    "ocr": "OCR-D-OCR/OCR-D-OCR_0002.xml",

    "cer": 0.6639862148190695,
    "wer": 0.9025270758122743,


    "n_characters": 1741,
    "n_words": 277
}