{
    "gt": "GT-PAGE/schiller_raeuber_1781_0024.xml",
    "ocr": "OCR-D-OCR/OCR-D-OCR_0002.xml",

    "cer": 0.11715481171548117,
    "wer": 0.3140096618357488,


    "n_characters": 1195,
    "n_words": 207
}