{
    "gt": "GT-PAGE/benner_herrnhuterey04_1748_0016.xml",
    "ocr": "OCR-D-OCR/OCR-D-OCR_0004.xml",

    "cer": 0.26916802610114193,
    "wer": 0.35978835978835977,


    "n_characters": 1226,
    "n_words": 189
}