{
    "gt": "GT-PAGE/benner_herrnhuterey04_1748_0015.xml",
    "ocr": "OCR-D-OCR/OCR-D-OCR_0003.xml",

    "cer": 0.04865771812080537,
    "wer": 0.17318435754189945,


    "n_characters": 1192,
    "n_words": 179
}