{
    "gt": "GT-PAGE/benner_herrnhuterey04_1748_0014.xml",
    "ocr": "OCR-D-OCR/OCR-D-OCR_0002.xml",

    "cer": 0.04143426294820717,
    "wer": 0.1206896551724138,


    "n_characters": 1255,
    "n_words": 174
}