{
    "gt": "GT-PAGE/petrarca_psalmi_1506_0010.xml",
    "ocr": "OCR-D-OCR/OCR-D-OCR_0010.xml",

    "cer": 0.07309766327142002,
    "wer": 0.3236514522821577,


    "n_characters": 1669,
    "n_words": 241
}