{
    "gt": "OCR-D-GT-SEG-PAGE/OCR-D-GT-SEG-PAGE_0002.xml",
    "ocr": "OCR-D-OCR/OCR-D-OCR_0002.xml",

    "cer": 0.37772571634528745,
    "wer": 0.45979614949037373,


    "n_characters": 5549,
    "n_words": 883
}