{
    "gt": "OCR-D-GT-SEG-PAGE/OCR-D-GT-SEG-PAGE_0001.xml",
    "ocr": "OCR-D-OCR/OCR-D-OCR_0001.xml",

    "cer": 0.15235716515766468,
    "wer": 0.226890756302521,


    "n_characters": 3203,
    "n_words": 476
}