{
    "gt": "GT-PAGE/glauber_opera01_1658_0032.xml",
    "ocr": "OCR-D-OCR/OCR-D-OCR_0004.xml",

    "cer": 0.21875,
    "wer": 0.6846590909090909,


    "n_characters": 2272,
    "n_words": 352
}