{
    "gt": "GT-PAGE/glauber_opera01_1658_0009.xml",
    "ocr": "OCR-D-OCR/OCR-D-OCR_0002.xml",

    "cer": 0.8082778306374881,
    "wer": 0.9751552795031055,


    "n_characters": 2102,
    "n_words": 322
}