{
    "gt": "GT-PAGE/glauber_opera01_1658_0078.xml",
    "ocr": "OCR-D-OCR/OCR-D-OCR_0006.xml",

    "cer": 0.21213960546282246,
    "wer": 0.6818181818181818,


    "n_characters": 3295,
    "n_words": 506
}