{
    "gt": "GT-PAGE/glauber_opera01_1658_0007.xml",
    "ocr": "OCR-D-OCR/OCR-D-OCR_0001.xml",

    "cer": 0.1915011037527594,
    "wer": 0.5827067669172933,


    "n_characters": 1812,
    "n_words": 266
}