{
    "gt": "GT-PAGE/glauber_opera01_1658_0072.xml",
    "ocr": "OCR-D-OCR/OCR-D-OCR_0005.xml",

    "cer": 0.1433949349760438,
    "wer": 0.5164835164835165,


    "n_characters": 2922,
    "n_words": 455
}