{
    "gt": "GT-PAGE/valentinus_occulta_1603_0031.xml",
    "ocr": "OCR-D-OCR/OCR-D-OCR_0004.xml",

    "cer": 0.1462857142857143,
    "wer": 0.48951048951048953,


    "n_characters": 875,
    "n_words": 143
}