{
    "gt": "GT-PAGE/valentinus_occulta_1603_0032.xml",
    "ocr": "OCR-D-OCR/OCR-D-OCR_0005.xml",

    "cer": 0.07917888563049853,
    "wer": 0.28901734104046245,


    "n_characters": 1023,
    "n_words": 173
}