{
    "gt": "GT-PAGE/valentinus_occulta_1603_0006.xml",
    "ocr": "OCR-D-OCR/OCR-D-OCR_0003.xml",

    "cer": 0.1366723259762309,
    "wer": 0.2751322751322751,


    "n_characters": 1178,
    "n_words": 189
}