{
    "gt": "GT-PAGE/valentinus_occulta_1603_0005.xml",
    "ocr": "OCR-D-OCR/OCR-D-OCR_0002.xml",

    "cer": 0.06143001007049345,
    "wer": 0.15436241610738255,


    "n_characters": 993,
    "n_words": 149
}