{
    "gt": "GT-PAGE/valentinus_occulta_1603_0004.xml",
    "ocr": "OCR-D-OCR/OCR-D-OCR_0001.xml",

    "cer": 0.05009107468123861,
    "wer": 0.19254658385093168,


    "n_characters": 1098,
    "n_words": 161
}