{
    "gt": "GT-PAGE/vespucci_insule_1506_0019.xml",
    "ocr": "OCR-D-OCR/OCR-D-OCR_0002.xml",

    "cer": 0.06741573033707865,
    "wer": 0.20610687022900764,


    "n_characters": 1424,
    "n_words": 262
}