{
    "gt": "GT-PAGE/vespucci_insule_1506_0009.xml",
    "ocr": "OCR-D-OCR/OCR-D-OCR_0001.xml",

    "cer": 0.06415792720542875,
    "wer": 0.2647058823529412,


    "n_characters": 1621,
    "n_words": 272
}