{
    "gt": "GT-PAGE/rhegius_artzney_1529_0007.xml",
    "ocr": "OCR-D-OCR/OCR-D-OCR_0001.xml",

    "cer": 0.0661764705882353,
    "wer": 0.12269938650306748,


    "n_characters": 952,
    "n_words": 163
}