{
    "gt": "GT-PAGE/rhegius_artzney_1529_0019.xml",
    "ocr": "OCR-D-OCR/OCR-D-OCR_0003.xml",

    "cer": 0.07442748091603053,
    "wer": 0.20418848167539266,


    "n_characters": 1048,
    "n_words": 191
}