{
    "gt": "GT-PAGE/rhegius_artzney_1529_0014.xml",
    "ocr": "OCR-D-OCR/OCR-D-OCR_0002.xml",

    "cer": 0.1683884297520661,
    "wer": 0.30409356725146197,


    "n_characters": 968,
    "n_words": 171
}