{
    "gt": "GT-PAGE/nn_vertrag_1525_0007.xml",
    "ocr": "OCR-D-OCR/OCR-D-OCR_0002.xml",

    "cer": 0.21655065738592422,
    "wer": 0.6413043478260869,


    "n_characters": 1293,
    "n_words": 184
}