{
    "gt": "GT-PAGE/pinder_epiphanie_1506_0045.xml",
    "ocr": "OCR-D-OCR/OCR-D-OCR_0004.xml",

    "cer": 0.0579950289975145,
    "wer": 0.21703296703296704,


    "n_characters": 2414,
    "n_words": 364
}