{
    "gt": "GT-PAGE/pinder_epiphanie_1506_0010.xml",
    "ocr": "OCR-D-OCR/OCR-D-OCR_0002.xml",

    "cer": 0.17305092383956738,
    "wer": 0.4339080459770115,


    "n_characters": 2219,
    "n_words": 348
}