{
    "gt": "GT-PAGE/pinder_epiphanie_1506_0009.xml",
    "ocr": "OCR-D-OCR/OCR-D-OCR_0001.xml",

    "cer": 0.24422442244224424,
    "wer": 0.42567567567567566,


    "n_characters": 1818,
    "n_words": 296
}