{
    "gt": "GT-PAGE/pinder_epiphanie_1506_0041.xml",
    "ocr": "OCR-D-OCR/OCR-D-OCR_0003.xml",

    "cer": 0.056956521739130433,
    "wer": 0.22807017543859648,


    "n_characters": 2300,
    "n_words": 342
}