{
    "gt": "GT-PAGE/luther_babstum_1526_0011.xml",
    "ocr": "OCR-D-OCR/OCR-D-OCR_0011.xml",

    "cer": 0.44256756756756754,
    "wer": 0.780952380952381,


    "n_characters": 592,
    "n_words": 105
}