{
    "gt": "GT-PAGE/luther_babstum_1526_0010.xml",
    "ocr": "OCR-D-OCR/OCR-D-OCR_0010.xml",

    "cer": 0.17294685990338166,
    "wer": 0.6042780748663101,


    "n_characters": 1035,
    "n_words": 187
}