{
    "gt": "GT-PAGE/valentinus_occulta_1603_0005.xml",
    "ocr": "OCR-D-OCR/OCR-D-OCR_0002.xml",

    "cer": 0.09264853977844914,
    "wer": 0.1610738255033557,


    "n_characters": 993,
    "n_words": 149
}