{
    "gt": "GT-PAGE/valentinus_occulta_1603_0033.xml",
    "ocr": "OCR-D-OCR/OCR-D-OCR_0006.xml",

    "cer": 0.04057971014492753,
    "wer": 0.08571428571428572,


    "n_characters": 1035,
    "n_words": 175
}