{
    "gt": "GT-PAGE/valentinus_occulta_1603_0006.xml",
    "ocr": "OCR-D-OCR/OCR-D-OCR_0003.xml",

    "cer": 0.13837011884550085,
    "wer": 0.2328042328042328,


    "n_characters": 1178,
    "n_words": 189
}