{
    "gt": "GT-PAGE/valentinus_occulta_1603_0004.xml",
    "ocr": "OCR-D-OCR/OCR-D-OCR_0001.xml",

    "cer": 0.06466302367941712,
    "wer": 0.2111801242236025,


    "n_characters": 1098,
    "n_words": 161
}