{
    "gt": "GT-PAGE/valentinus_occulta_1603_0032.xml",
    "ocr": "OCR-D-OCR/OCR-D-OCR_0005.xml",

    "cer": 0.4252199413489736,
    "wer": 0.5664739884393064,


    "n_characters": 1023,
    "n_words": 173
}