{
    "gt": "GT-PAGE/bohse_helicon_1696_0007.xml",
    "ocr": "OCR-D-OCR/OCR-D-OCR_0001.xml",

    "cer": 0.5079365079365079,
    "wer": 0.7872340425531915,


    "n_characters": 378,
    "n_words": 47
}