{
    "gt": "GT-PAGE/bohse_helicon_1696_0009.xml",
    "ocr": "OCR-D-OCR/OCR-D-OCR_0002.xml",

    "cer": 0.4810810810810811,
    "wer": 0.8333333333333334,


    "n_characters": 370,
    "n_words": 54
}