{
    "gt": "GT-PAGE/bohse_helicon_1696_0022.xml",
    "ocr": "OCR-D-OCR/OCR-D-OCR_0004.xml",

    "cer": 0.4777327935222672,
    "wer": 0.9814814814814815,


    "n_characters": 741,
    "n_words": 108
}