{
    "gt": "GT-PAGE/bohse_helicon_1696_0021.xml",
    "ocr": "OCR-D-OCR/OCR-D-OCR_0003.xml",

    "cer": 0.4781609195402299,
    "wer": 0.7730496453900709,


    "n_characters": 870,
    "n_words": 141
}