{
    "gt": "GT-PAGE/bohse_helicon_1696_0036.xml",
    "ocr": "OCR-D-OCR/OCR-D-OCR_0005.xml",

    "cer": 0.2956403269754768,
    "wer": 0.7224669603524229,


    "n_characters": 1468,
    "n_words": 227
}