{
    "gt": "GT-PAGE/herder_geschichte03_1787_0007.xml",
    "ocr": "OCR-D-OCR/OCR-D-OCR_0001.xml",

    "cer": 0.30612244897959184,
    "wer": 0.5892857142857143,


    "n_characters": 441,
    "n_words": 56
}