{
    "gt": "GT-PAGE/aventinus_grammatica_1515_0006.xml",
    "ocr": "OCR-D-OCR/OCR-D-OCR_0006.xml",

    "cer": 0.05902980713033314,
    "wer": 0.25203252032520324,


    "n_characters": 1711,
    "n_words": 246
}