{
    "gt": "GT-PAGE/aventinus_grammatica_1515_0008.xml",
    "ocr": "OCR-D-OCR/OCR-D-OCR_0008.xml",

    "cer": 0.47766323024054985,
    "wer": 0.7194570135746606,


    "n_characters": 1455,
    "n_words": 221
}