{
    "gt": "GT-PAGE/aventinus_grammatica_1515_0007.xml",
    "ocr": "OCR-D-OCR/OCR-D-OCR_0007.xml",

    "cer": 0.5061728395061729,
    "wer": 0.6825396825396826,


    "n_characters": 810,
    "n_words": 126
}