{
    "gt": "GT-PAGE/calvi_beutelschneider01_1627_0010.xml",
    "ocr": "OCR-D-OCR/OCR-D-OCR_0001.xml",

    "cer": 0.062434963579604576,
    "wer": 0.20382165605095542,


    "n_characters": 961,
    "n_words": 157
}