{
    "gt": "GT-PAGE/calvi_beutelschneider01_1627_0013.xml",
    "ocr": "OCR-D-OCR/OCR-D-OCR_0002.xml",

    "cer": 0.1425287356321839,
    "wer": 0.3082191780821918,


    "n_characters": 870,
    "n_words": 146
}