{
    "gt": "GT-PAGE/calvi_beutelschneider01_1627_0020.xml",
    "ocr": "OCR-D-OCR/OCR-D-OCR_0003.xml",

    "cer": 0.045021645021645025,
    "wer": 0.13966480446927373,


    "n_characters": 1155,
    "n_words": 179
}