{
    "gt": "OCR-D-GT-SEG-PAGE/OCR-D-GT-SEG-PAGE_0002.xml",
    "ocr": "OCR-D-OCR/OCR-D-OCR_0002.xml",

    "cer": 0.3743421052631579,
    "wer": 0.4541832669322709,


    "n_characters": 1520,
    "n_words": 251
}