{
    "gt": "OCR-D-GT-SEG-PAGE/OCR-D-GT-SEG-PAGE_0001.xml",
    "ocr": "OCR-D-OCR/OCR-D-OCR_0001.xml",

    "cer": 0.08132530120481928,
    "wer": 0.1206896551724138,


    "n_characters": 664,
    "n_words": 116
}