{
    "gt": "OCR-D-GT-SEG-PAGE/OCR-D-GT-SEG-PAGE_0004.xml",
    "ocr": "OCR-D-OCR/OCR-D-OCR_0004.xml",

    "cer": 0.03871576959395656,
    "wer": 0.12121212121212122,


    "n_characters": 1059,
    "n_words": 165
}