{
    "gt": "OCR-D-GT-SEG-PAGE/OCR-D-GT-SEG-PAGE_0005.xml",
    "ocr": "OCR-D-OCR/OCR-D-OCR_0005.xml",

    "cer": 0.02667893284268629,
    "wer": 0.07647058823529412,


    "n_characters": 1087,
    "n_words": 170
}