{
    "gt": "OCR-D-GT-SEG-PAGE/OCR-D-GT-SEG-PAGE_0003.xml",
    "ocr": "OCR-D-OCR/OCR-D-OCR_0003.xml",

    "cer": 0.14012184508268058,
    "wer": 0.19689119170984457,


    "n_characters": 1149,
    "n_words": 193
}