{
    "gt": "OCR-D-GT-SEG-PAGE/OCR-D-GT-SEG-PAGE_0001.xml",
    "ocr": "OCR-D-OCR/OCR-D-OCR_0001.xml",

    "cer": 0.08883248730964467,
    "wer": 0.20553359683794467,


    "n_characters": 1576,
    "n_words": 253
}