{
    "gt": "OCR-D-GT-SEG-PAGE/OCR-D-GT-SEG-PAGE_0003.xml",
    "ocr": "OCR-D-OCR/OCR-D-OCR_0003.xml",

    "cer": 0.47653668208856576,
    "wer": 0.6592920353982301,


    "n_characters": 1513,
    "n_words": 226
}