{
    "gt": "OCR-D-GT-SEG-PAGE/OCR-D-GT-SEG-PAGE_0004.xml",
    "ocr": "OCR-D-OCR/OCR-D-OCR_0004.xml",

    "cer": 0.64366373902133,
    "wer": 0.8892988929889298,


    "n_characters": 1594,
    "n_words": 271
}