{
    "gt": "OCR-D-GT-SEG-PAGE/OCR-D-GT-SEG-PAGE_0002.xml",
    "ocr": "OCR-D-OCR/OCR-D-OCR_0002.xml",

    "cer": 0.09234042553191489,
    "wer": 0.18624641833810887,


    "n_characters": 2350,
    "n_words": 349
}