{
    "gt": "GT-PAGE/meyfart_rhetorica_1634_0021.xml",
    "ocr": "OCR-D-OCR/OCR-D-OCR_0002.xml",

    "cer": 0.37362637362637363,
    "wer": 0.648936170212766,


    "n_characters": 637,
    "n_words": 94
}