{
    "gt": "GT-PAGE/meyfart_rhetorica_1634_0022.xml",
    "ocr": "OCR-D-OCR/OCR-D-OCR_0003.xml",

    "cer": 0.24499089253187614,
    "wer": 0.480225988700565,


    "n_characters": 1098,
    "n_words": 177
}