{
    "gt": "GT-PAGE/meyfart_rhetorica_1634_0122.xml",
    "ocr": "OCR-D-OCR/OCR-D-OCR_0004.xml",

    "cer": 0.1588785046728972,
    "wer": 0.45390070921985815,


    "n_characters": 856,
    "n_words": 141
}