{
    "gt": "GT-PAGE/meyfart_rhetorica_1634_0007.xml",
    "ocr": "OCR-D-OCR/OCR-D-OCR_0001.xml",

    "cer": 0.22033898305084745,
    "wer": 0.5818181818181818,


    "n_characters": 413,
    "n_words": 55
}