{
    "gt": "GT-PAGE/wecker_kochbuch_1598_0011.xml",
    "ocr": "OCR-D-OCR/OCR-D-OCR_0002.xml",

    "cer": 0.7787950383933845,
    "wer": 0.9227722772277228,


    "n_characters": 3386,
    "n_words": 505
}