{
    "gt": "GT-PAGE/wecker_kochbuch_1598_0029.xml",
    "ocr": "OCR-D-OCR/OCR-D-OCR_0004.xml",

    "cer": 0.27127127127127126,
    "wer": 0.632183908045977,


    "n_characters": 1998,
    "n_words": 348
}