{
    "gt": "GT-PAGE/schiller_raeuber_1781_0024.xml",
    "ocr": "OCR-D-OCR/OCR-D-OCR_0002.xml",

    "cer": 0.07615062761506276,
    "wer": 0.21739130434782608,


    "n_characters": 1195,
    "n_words": 207
}