{
    "gt": "GT-PAGE/schiller_raeuber_1781_0009.xml",
    "ocr": "OCR-D-OCR/OCR-D-OCR_0001.xml",

    "cer": 0.5498783454987834,
    "wer": 0.6538461538461539,


    "n_characters": 411,
    "n_words": 52
}