{
    "gt": "GT-PAGE/dannhauer_catechismus10_1673_0121.xml",
    "ocr": "OCR-D-OCR/OCR-D-OCR_0004.xml",

    "cer": 0.11194620253164557,
    "wer": 0.3694581280788177,


    "n_characters": 2528,
    "n_words": 406
}