{
    "gt": "GT-PAGE/dannhauer_catechismus10_1673_0016.xml",
    "ocr": "OCR-D-OCR/OCR-D-OCR_0001.xml",

    "cer": 0.08295711060948081,
    "wer": 0.2866666666666667,


    "n_characters": 1772,
    "n_words": 300
}