{
    "gt": "GT-PAGE/dannhauer_catechismus10_1673_0113.xml",
    "ocr": "OCR-D-OCR/OCR-D-OCR_0003.xml",

    "cer": 0.16129032258064516,
    "wer": 0.38095238095238093,


    "n_characters": 1860,
    "n_words": 294
}