{
    "gt": "GT-PAGE/dannhauer_catechismus10_1673_0108.xml",
    "ocr": "OCR-D-OCR/OCR-D-OCR_0002.xml",

    "cer": 0.12481698389458272,
    "wer": 0.3968609865470852,


    "n_characters": 2732,
    "n_words": 446
}