{
    "gt": "GT-PAGE/reinkingk_policey_1653_0151.xml",
    "ocr": "OCR-D-OCR/OCR-D-OCR_0002.xml",

    "cer": 0.1351963746223565,
    "wer": 0.22195121951219512,


    "n_characters": 2648,
    "n_words": 410
}