{
    "gt": "GT-PAGE/reinkingk_policey_1653_0144.xml",
    "ocr": "OCR-D-OCR/OCR-D-OCR_0001.xml",

    "cer": 0.15313653136531366,
    "wer": 0.23333333333333334,


    "n_characters": 2168,
    "n_words": 360
}