{
    "gt": "GT-PAGE/kant_aufklaerung_1784_0017.xml",
    "ocr": "OCR-D-OCR/OCR-D-OCR_0001.xml",

    "cer": 0.02195121951219512,
    "wer": 0.10483870967741936,


    "n_characters": 820,
    "n_words": 124
}