{
    "gt": "GT-PAGE/kant_aufklaerung_1784_0020.xml",
    "ocr": "OCR-D-OCR/OCR-D-OCR_0002.xml",

    "cer": 0.005780346820809248,
    "wer": 0.01951219512195122,


    "n_characters": 1384,
    "n_words": 205
}