{
    "gt": "GT-PAGE/buerger_gedichte_1778_0039.xml",
    "ocr": "OCR-D-OCR/OCR-D-OCR_0001.xml",

    "cer": 0.3611416026344676,
    "wer": 0.6838235294117647,


    "n_characters": 911,
    "n_words": 136
}