{
    "gt": "GT-PAGE/buerger_gedichte_1778_0066.xml",
    "ocr": "OCR-D-OCR/OCR-D-OCR_0002.xml",

    "cer": 0.12556053811659193,
    "wer": 0.32432432432432434,


    "n_characters": 223,
    "n_words": 37
}