{
    "gt": "OCR-D-GT-SEG-PAGE/OCR-D-GT-SEG-PAGE_0005.xml",
    "ocr": "OCR-D-OCR/OCR-D-OCR_0005.xml",

    "cer": 0.09935602575896964,
    "wer": 0.24705882352941178,


    "n_characters": 1087,
    "n_words": 170
}