{
    "gt": "OCR-D-GT-SEG-PAGE/OCR-D-GT-SEG-PAGE_0002.xml",
    "ocr": "OCR-D-OCR/OCR-D-OCR_0002.xml",

    "cer": 0.3190789473684211,
    "wer": 0.41832669322709165,


    "n_characters": 1520,
    "n_words": 251
}