{
    "gt": "OCR-D-GT-SEG-PAGE/OCR-D-GT-SEG-PAGE_0003.xml",
    "ocr": "OCR-D-OCR/OCR-D-OCR_0003.xml",

    "cer": 0.39425587467362927,
    "wer": 0.47150259067357514,


    "n_characters": 1149,
    "n_words": 193
}