{
    "gt": "OCR-D-GT-SEG-PAGE/OCR-D-GT-SEG-PAGE_0004.xml",
    "ocr": "OCR-D-OCR/OCR-D-OCR_0004.xml",

    "cer": 0.05760151085930123,
    "wer": 0.15151515151515152,


    "n_characters": 1059,
    "n_words": 165
}