{
    "gt": "OCR-D-GT-SEG-PAGE/OCR-D-GT-SEG-PAGE_0001.xml",
    "ocr": "OCR-D-OCR/OCR-D-OCR_0001.xml",

    "cer": 0.1144578313253012,
    "wer": 0.2413793103448276,


    "n_characters": 664,
    "n_words": 116
}