{
    "gt": "GT-PAGE/brenz_abentmal_1550_0043.xml",
    "ocr": "OCR-D-OCR/OCR-D-OCR_0002.xml",

    "cer": 0.3473684210526316,
    "wer": 0.4603174603174603,


    "n_characters": 380,
    "n_words": 63
}