{
    "gt": "GT-PAGE/brenz_abentmal_1550_0158.xml",
    "ocr": "OCR-D-OCR/OCR-D-OCR_0004.xml",

    "cer": 0.09826589595375723,
    "wer": 0.22033898305084745,


    "n_characters": 346,
    "n_words": 59
}