{
    "gt": "GT-PAGE/herder_geschichte03_1787_0007.xml",
    "ocr": "OCR-D-OCR/OCR-D-OCR_0001.xml",

    "cer": 0.2222222222222222,
    "wer": 0.4107142857142857,


    "n_characters": 441,
    "n_words": 56
}