{
    "gt": "OCR-D-GT-SEG-PAGE/OCR-D-GT-SEG-PAGE_0001.xml",
    "ocr": "OCR-D-OCR/OCR-D-OCR_0001.xml",

    "cer": 0.12330623306233063,
    "wer": 0.28225806451612906,


    "n_characters": 738,
    "n_words": 124
}