{
    "gt": "OCR-D-GT-SEG-PAGE/OCR-D-GT-SEG-PAGE_0002.xml",
    "ocr": "OCR-D-OCR/OCR-D-OCR_0002.xml",

    "cer": 0.07343941248470012,
    "wer": 0.18666666666666668,


    "n_characters": 817,
    "n_words": 150
}