{
    "gt": "GT-PAGE/loeber_heuschrecken_1693_0005.xml",
    "ocr": "OCR-D-OCR/OCR-D-OCR_0001.xml",

    "cer": 0.22429906542056074,
    "wer": 0.38235294117647056,


    "n_characters": 1070,
    "n_words": 170
}