{
    "gt": "GT-PAGE/loeber_heuschrecken_1693_0046.xml",
    "ocr": "OCR-D-OCR/OCR-D-OCR_0003.xml",

    "cer": 0.041289023162134945,
    "wer": 0.09523809523809523,


    "n_characters": 993,
    "n_words": 168
}