{
    "gt": "GT-PAGE/loeber_heuschrecken_1693_0009.xml",
    "ocr": "OCR-D-OCR/OCR-D-OCR_0002.xml",

    "cer": 0.6283744974152786,
    "wer": 0.8050541516245487,


    "n_characters": 1741,
    "n_words": 277
}