{
    "gt": "GT-PAGE/trota_mordtbrenner_1540_0013.xml",
    "ocr": "OCR-D-OCR/OCR-D-OCR_0002.xml",

    "cer": 0.05555555555555555,
    "wer": 0.1568627450980392,


    "n_characters": 630,
    "n_words": 102
}