{
    "gt": "GT-PAGE/trota_mordtbrenner_1540_0011.xml",
    "ocr": "OCR-D-OCR/OCR-D-OCR_0001.xml",

    "cer": 0.0688622754491018,
    "wer": 0.1504424778761062,


    "n_characters": 668,
    "n_words": 113
}