{
    "gt": "GT-PAGE/rollenhagen_reysen_1603_0007.xml",
    "ocr": "OCR-D-OCR/OCR-D-OCR_0001.xml",

    "cer": 0.2805049088359046,
    "wer": 0.4473684210526316,


    "n_characters": 713,
    "n_words": 114
}