{
    "gt": "GT-PAGE/rollenhagen_reysen_1603_0012.xml",
    "ocr": "OCR-D-OCR/OCR-D-OCR_0003.xml",

    "cer": 0.12169312169312169,
    "wer": 0.20187793427230047,


    "n_characters": 1323,
    "n_words": 213
}