{
    "gt": "GT-PAGE/rollenhagen_reysen_1603_0011.xml",
    "ocr": "OCR-D-OCR/OCR-D-OCR_0002.xml",

    "cer": 0.17421259842519685,
    "wer": 0.30718954248366015,


    "n_characters": 1016,
    "n_words": 153
}