{
    "gt": "GT-PAGE/vespucci_insule_1506_0019.xml",
    "ocr": "OCR-D-OCR/OCR-D-OCR_0002.xml",

    "cer": 0.35252808988764045,
    "wer": 0.8358778625954199,


    "n_characters": 1424,
    "n_words": 262
}