{
    "gt": "GT-PAGE/vespucci_insule_1506_0009.xml",
    "ocr": "OCR-D-OCR/OCR-D-OCR_0001.xml",

    "cer": 0.2813078346699568,
    "wer": 0.8529411764705882,


    "n_characters": 1621,
    "n_words": 272
}