{
    "gt": "GT-PAGE/reinkingk_policey_1653_0151.xml",
    "ocr": "OCR-D-OCR/OCR-D-OCR_0002.xml",

    "cer": 0.14765861027190333,
    "wer": 0.3024390243902439,


    "n_characters": 2648,
    "n_words": 410
}