{
    "gt": "GT-PAGE/reinkingk_policey_1653_0144.xml",
    "ocr": "OCR-D-OCR/OCR-D-OCR_0001.xml",

    "cer": 0.1918819188191882,
    "wer": 0.3527777777777778,


    "n_characters": 2168,
    "n_words": 360
}