{
    "gt": "GT-PAGE/rhegius_artzney_1529_0014.xml",
    "ocr": "OCR-D-OCR/OCR-D-OCR_0002.xml",

    "cer": 0.16425619834710745,
    "wer": 0.26900584795321636,


    "n_characters": 968,
    "n_words": 171
}