{
    "gt": "GT-PAGE/rhegius_artzney_1529_0019.xml",
    "ocr": "OCR-D-OCR/OCR-D-OCR_0003.xml",

    "cer": 0.07633587786259542,
    "wer": 0.19895287958115182,


    "n_characters": 1048,
    "n_words": 191
}