{
    "gt": "GT-PAGE/osiander_predigt_1553_0008.xml",
    "ocr": "OCR-D-OCR/OCR-D-OCR_0002.xml",

    "cer": 0.12551440329218108,
    "wer": 0.44621513944223107,


    "n_characters": 1458,
    "n_words": 251
}