{
    "gt": "GT-PAGE/osiander_predigt_1553_0007.xml",
    "ocr": "OCR-D-OCR/OCR-D-OCR_0001.xml",

    "cer": 0.20689655172413793,
    "wer": 0.5070422535211268,


    "n_characters": 783,
    "n_words": 142
}