{
    "gt": "GT-PAGE/vespucci_insule_1506_0019.xml",
    "ocr": "OCR-D-OCR/OCR-D-OCR_0002.xml",

    "cer": 0.27668539325842695,
    "wer": 0.7786259541984732,


    "n_characters": 1424,
    "n_words": 262
}