{
    "gt": "OCR-D-GT-SEG-PAGE/OCR-D-GT-SEG-PAGE_0001.xml",
    "ocr": "OCR-D-OCR/OCR-D-OCR_0001.xml",

    "cer": 0.13008130081300814,
    "wer": 0.3709677419354839,


    "n_characters": 738,
    "n_words": 124
}