{
    "gt": "GT-PAGE/vespucci_insule_1506_0009.xml",
    "ocr": "OCR-D-OCR/OCR-D-OCR_0001.xml",

    "cer": 0.0635410240592227,
    "wer": 0.27941176470588236,


    "n_characters": 1621,
    "n_words": 272
}