{
    "gt": "GT-PAGE/vespucci_insule_1506_0019.xml",
    "ocr": "OCR-D-OCR/OCR-D-OCR_0002.xml",

    "cer": 0.08497191011235955,
    "wer": 0.25190839694656486,


    "n_characters": 1424,
    "n_words": 262
}