{
    "gt": "GT-PAGE/karlstadt_sermon_1523_0020.xml",
    "ocr": "OCR-D-OCR/OCR-D-OCR_0002.xml",

    "cer": 0.05888324873096447,
    "wer": 0.1749271137026239,


    "n_characters": 1970,
    "n_words": 343
}