{
    "gt": "GT-PAGE/karlstadt_sermon_1523_0006.xml",
    "ocr": "OCR-D-OCR/OCR-D-OCR_0001.xml",

    "cer": 0.057815845824411134,
    "wer": 0.2048611111111111,


    "n_characters": 1868,
    "n_words": 288
}