{
    "gt": "GT-PAGE/benner_herrnhuterey04_1748_0013.xml",
    "ocr": "OCR-D-OCR/OCR-D-OCR_0001.xml",

    "cer": 0.2866666666666667,
    "wer": 0.36496350364963503,


    "n_characters": 900,
    "n_words": 137
}