{
    "gt": "GT-PAGE/benner_herrnhuterey04_1748_0015.xml",
    "ocr": "OCR-D-OCR/OCR-D-OCR_0003.xml",

    "cer": 0.04949664429530201,
    "wer": 0.18435754189944134,


    "n_characters": 1192,
    "n_words": 179
}