{
    "gt": "GT-PAGE/benner_herrnhuterey04_1748_0014.xml",
    "ocr": "OCR-D-OCR/OCR-D-OCR_0002.xml",

    "cer": 0.035856573705179286,
    "wer": 0.12643678160919541,


    "n_characters": 1255,
    "n_words": 174
}