{
    "gt": "GT-PAGE/reinkingk_policey_1653_0151.xml",
    "ocr": "OCR-D-OCR/OCR-D-OCR_0002.xml",

    "cer": 0.21676737160120846,
    "wer": 0.5560975609756098,


    "n_characters": 2648,
    "n_words": 410
}