{
    "gt": "GT-PAGE/reinkingk_policey_1653_0144.xml",
    "ocr": "OCR-D-OCR/OCR-D-OCR_0001.xml",

    "cer": 0.2177121771217712,
    "wer": 0.5638888888888889,


    "n_characters": 2168,
    "n_words": 360
}