{
    "gt": "GT-PAGE/reinkingk_policey_1653_0144.xml",
    "ocr": "OCR-D-OCR/OCR-D-OCR_0001.xml",

    "cer": 0.34086715867158673,
    "wer": 0.7777777777777778,


    "n_characters": 2168,
    "n_words": 360
}