{
    "gt": "GT-PAGE/reinkingk_policey_1653_0151.xml",
    "ocr": "OCR-D-OCR/OCR-D-OCR_0002.xml",

    "cer": 0.27416918429003023,
    "wer": 0.6926829268292682,


    "n_characters": 2648,
    "n_words": 410
}