{
    "gt": "GT-PAGE/wecker_kochbuch_1598_0007.xml",
    "ocr": "OCR-D-OCR/OCR-D-OCR_0001.xml",

    "cer": 0.08007224563515954,
    "wer": 0.16877637130801687,


    "n_characters": 1661,
    "n_words": 237
}