{
    "gt": "GT-PAGE/wecker_kochbuch_1598_0029.xml",
    "ocr": "OCR-D-OCR/OCR-D-OCR_0004.xml",

    "cer": 0.07107107107107107,
    "wer": 0.12643678160919541,


    "n_characters": 1998,
    "n_words": 348
}