{
    "gt": "GT-PAGE/petrarca_psalmi_1506_0010.xml",
    "ocr": "OCR-D-OCR/OCR-D-OCR_0010.xml",

    "cer": 0.08148591971240264,
    "wer": 0.36929460580912865,


    "n_characters": 1669,
    "n_words": 241
}