{
    "gt": "GT-PAGE/petrarca_psalmi_1506_0016.xml",
    "ocr": "OCR-D-OCR/OCR-D-OCR_0016.xml",

    "cer": 0.21518987341772153,
    "wer": 0.6818181818181818,


    "n_characters": 158,
    "n_words": 22
}