{
    "gt": "GT-PAGE/euler_rechenkunst01_1738_0026.xml",
    "ocr": "OCR-D-OCR/OCR-D-OCR_0003.xml",

    "cer": 0.14296694850115296,
    "wer": 0.36893203883495146,


    "n_characters": 1301,
    "n_words": 206
}