{
    "gt": "GT-PAGE/euler_rechenkunst01_1738_0041.xml",
    "ocr": "OCR-D-OCR/OCR-D-OCR_0006.xml",

    "cer": 0.11976744186046512,
    "wer": 0.35036496350364965,


    "n_characters": 860,
    "n_words": 137
}