{
    "gt": "GT-PAGE/euler_rechenkunst01_1738_0024.xml",
    "ocr": "OCR-D-OCR/OCR-D-OCR_0001.xml",

    "cer": 0.05724197745013009,
    "wer": 0.22674418604651161,


    "n_characters": 1153,
    "n_words": 172
}