{
    "gt": "GT-PAGE/euler_rechenkunst01_1738_0033.xml",
    "ocr": "OCR-D-OCR/OCR-D-OCR_0005.xml",

    "cer": 0.13333333333333333,
    "wer": 0.3905325443786982,


    "n_characters": 1125,
    "n_words": 169
}