{
    "gt": "GT-PAGE/euler_rechenkunst01_1738_0031.xml",
    "ocr": "OCR-D-OCR/OCR-D-OCR_0004.xml",

    "cer": 0.12525252525252525,
    "wer": 0.2645161290322581,


    "n_characters": 990,
    "n_words": 155
}