{
    "gt": "GT-PAGE/euler_rechenkunst01_1738_0025.xml",
    "ocr": "OCR-D-OCR/OCR-D-OCR_0002.xml",

    "cer": 0.45473684210526316,
    "wer": 0.6890243902439024,


    "n_characters": 950,
    "n_words": 164
}