{
    "gt": "GT-PAGE/trota_mordtbrenner_1540_0011.xml",
    "ocr": "OCR-D-OCR/OCR-D-OCR_0001.xml",

    "cer": 0.04940119760479042,
    "wer": 0.12389380530973451,


    "n_characters": 668,
    "n_words": 113
}