{
    "gt": "GT-PAGE/trota_mordtbrenner_1540_0013.xml",
    "ocr": "OCR-D-OCR/OCR-D-OCR_0002.xml",

    "cer": 0.05396825396825397,
    "wer": 0.12745098039215685,


    "n_characters": 630,
    "n_words": 102
}