{
    "gt": "GT-PAGE/osiander_predigt_1553_0007.xml",
    "ocr": "OCR-D-OCR/OCR-D-OCR_0001.xml",

    "cer": 0.070242656449553,
    "wer": 0.14788732394366197,


    "n_characters": 783,
    "n_words": 142
}