{
    "gt": "GT-PAGE/osiander_predigt_1553_0008.xml",
    "ocr": "OCR-D-OCR/OCR-D-OCR_0002.xml",

    "cer": 0.062414266117969824,
    "wer": 0.17131474103585656,


    "n_characters": 1458,
    "n_words": 251
}