{
    "gt": "GT-PAGE/meyfart_rhetorica_1634_0007.xml",
    "ocr": "OCR-D-OCR/OCR-D-OCR_0001.xml",

    "cer": 0.11380145278450363,
    "wer": 0.4909090909090909,


    "n_characters": 413,
    "n_words": 55
}