{
    "gt": "GT-PAGE/meyfart_rhetorica_1634_0021.xml",
    "ocr": "OCR-D-OCR/OCR-D-OCR_0002.xml",

    "cer": 0.1946624803767661,
    "wer": 0.4574468085106383,


    "n_characters": 637,
    "n_words": 94
}