{
    "gt": "GT-PAGE/meyfart_rhetorica_1634_0122.xml",
    "ocr": "OCR-D-OCR/OCR-D-OCR_0004.xml",

    "cer": 0.07827102803738317,
    "wer": 0.18439716312056736,


    "n_characters": 856,
    "n_words": 141
}