{
    "gt": "GT-PAGE/luther_auszlegunge_1520_0029.xml",
    "ocr": "OCR-D-OCR/OCR-D-OCR_0029.xml",

    "cer": 0.16934189406099517,
    "wer": 0.5023041474654378,


    "n_characters": 1246,
    "n_words": 217
}