{
    "gt": "GT-PAGE/luther_auszlegunge_1520_0003.xml",
    "ocr": "OCR-D-OCR/OCR-D-OCR_0003.xml",

    "cer": 0.7798440311937612,
    "wer": 0.9130434782608695,


    "n_characters": 1667,
    "n_words": 299
}