{
    "gt": "GT-PAGE/sachs_drey_1553_0010.xml",
    "ocr": "OCR-D-OCR/OCR-D-OCR_0001.xml",

    "cer": 0.054388133498145856,
    "wer": 0.3283582089552239,


    "n_characters": 809,
    "n_words": 134
}