{
    "gt": "GT-PAGE/sachs_drey_1553_0011.xml",
    "ocr": "OCR-D-OCR/OCR-D-OCR_0002.xml",

    "cer": 0.05434782608695652,
    "wer": 0.37888198757763975,


    "n_characters": 920,
    "n_words": 161
}