{
    "gt": "GT-PAGE/pinder_epiphanie_1506_0045.xml",
    "ocr": "OCR-D-OCR/OCR-D-OCR_0004.xml",

    "cer": 0.1383595691797846,
    "wer": 0.5659340659340659,


    "n_characters": 2414,
    "n_words": 364
}