{
    "gt": "GT-PAGE/pinder_epiphanie_1506_0041.xml",
    "ocr": "OCR-D-OCR/OCR-D-OCR_0003.xml",

    "cer": 0.12173913043478261,
    "wer": 0.543859649122807,


    "n_characters": 2300,
    "n_words": 342
}