{
    "gt": "GT-PAGE/pinder_epiphanie_1506_0010.xml",
    "ocr": "OCR-D-OCR/OCR-D-OCR_0002.xml",

    "cer": 0.21045515998197387,
    "wer": 0.6609195402298851,


    "n_characters": 2219,
    "n_words": 348
}