{
    "gt": "GT-PAGE/blumenbach_anatomie_1805_0048.xml",
    "ocr": "OCR-D-OCR/OCR-D-OCR_0002.xml",

    "cer": 0.02454642475987193,
    "wer": 0.05925925925925926,


    "n_characters": 937,
    "n_words": 135
}