{
    "gt": "GT-PAGE/blumenbach_anatomie_1805_0049.xml",
    "ocr": "OCR-D-OCR/OCR-D-OCR_0003.xml",

    "cer": 0.07962529274004684,
    "wer": 0.21374045801526717,


    "n_characters": 854,
    "n_words": 131
}