{
    "gt": "GT-PAGE/aepinus_bekentnis_1548_0021.xml",
    "ocr": "OCR-D-OCR/OCR-D-OCR_0004.xml",

    "cer": 0.050455927051671734,
    "wer": 0.17358490566037735,


    "n_characters": 1645,
    "n_words": 265
}