{
    "gt": "GT-PAGE/aepinus_bekentnis_1548_0020.xml",
    "ocr": "OCR-D-OCR/OCR-D-OCR_0003.xml",

    "cer": 0.13688760806916425,
    "wer": 0.2980769230769231,


    "n_characters": 694,
    "n_words": 104
}