{
    "gt": "GT-PAGE/aepinus_bekentnis_1548_0006.xml",
    "ocr": "OCR-D-OCR/OCR-D-OCR_0001.xml",

    "cer": 0.06746765249537892,
    "wer": 0.14361702127659576,


    "n_characters": 1082,
    "n_words": 188
}