{
    "gt": "GT-PAGE/aepinus_bekentnis_1548_0007.xml",
    "ocr": "OCR-D-OCR/OCR-D-OCR_0002.xml",

    "cer": 0.15324858757062146,
    "wer": 0.2895927601809955,


    "n_characters": 1416,
    "n_words": 221
}