{
    "gt": "GT-PAGE/euler_rechenkunst01_1738_0026.xml",
    "ocr": "OCR-D-OCR/OCR-D-OCR_0003.xml",

    "cer": 0.33973866256725593,
    "wer": 0.558252427184466,


    "n_characters": 1301,
    "n_words": 206
}