{
    "gt": "GT-PAGE/euler_rechenkunst01_1738_0041.xml",
    "ocr": "OCR-D-OCR/OCR-D-OCR_0006.xml",

    "cer": 0.5104651162790698,
    "wer": 0.948905109489051,


    "n_characters": 860,
    "n_words": 137
}