{
    "gt": "GT-PAGE/euler_rechenkunst01_1738_0025.xml",
    "ocr": "OCR-D-OCR/OCR-D-OCR_0002.xml",

    "cer": 0.6842105263157895,
    "wer": 0.9451219512195121,


    "n_characters": 950,
    "n_words": 164
}