{
    "gt": "GT-PAGE/euler_rechenkunst01_1738_0031.xml",
    "ocr": "OCR-D-OCR/OCR-D-OCR_0004.xml",

    "cer": 0.4717171717171717,
    "wer": 0.7096774193548387,


    "n_characters": 990,
    "n_words": 155
}