{
    "gt": "GT-PAGE/aventinus_grammatica_1515_0006.xml",
    "ocr": "OCR-D-OCR/OCR-D-OCR_0006.xml",

    "cer": 0.07188778492109878,
    "wer": 0.2886178861788618,


    "n_characters": 1711,
    "n_words": 246
}