{
    "gt": "GT-PAGE/aventinus_grammatica_1515_0007.xml",
    "ocr": "OCR-D-OCR/OCR-D-OCR_0007.xml",

    "cer": 0.4012345679012346,
    "wer": 0.5476190476190477,


    "n_characters": 810,
    "n_words": 126
}