{
    "gt": "GT-PAGE/aventinus_grammatica_1515_0008.xml",
    "ocr": "OCR-D-OCR/OCR-D-OCR_0008.xml",

    "cer": 0.4281786941580756,
    "wer": 0.6289592760180995,


    "n_characters": 1455,
    "n_words": 221
}