{
    "gt": "GT-PAGE/huebner_handbuch_1696_0015.xml",
    "ocr": "OCR-D-OCR/OCR-D-OCR_0002.xml",

    "cer": 0.19083969465648856,
    "wer": 0.4247787610619469,


    "n_characters": 655,
    "n_words": 113
}