{
    "gt": "GT-PAGE/huebner_handbuch_1696_0021.xml",
    "ocr": "OCR-D-OCR/OCR-D-OCR_0003.xml",

    "cer": 0.08856088560885608,
    "wer": 0.2896174863387978,


    "n_characters": 1084,
    "n_words": 183
}