{
    "gt": "GT-PAGE/huebner_handbuch_1696_0005.xml",
    "ocr": "OCR-D-OCR/OCR-D-OCR_0001.xml",

    "cer": 0.6816720257234726,
    "wer": 1.6097560975609757,


    "n_characters": 311,
    "n_words": 41
}