{
    "gt": "GT-PAGE/meyfart_rhetorica_1634_0007.xml",
    "ocr": "OCR-D-OCR/OCR-D-OCR_0001.xml",

    "cer": 0.2929782082324455,
    "wer": 0.7636363636363637,


    "n_characters": 413,
    "n_words": 55
}