{
    "gt": "GT-PAGE/meyfart_rhetorica_1634_0021.xml",
    "ocr": "OCR-D-OCR/OCR-D-OCR_0002.xml",

    "cer": 0.29199372056514916,
    "wer": 0.7340425531914894,


    "n_characters": 637,
    "n_words": 94
}