{
    "gt": "GT-PAGE/meyfart_rhetorica_1634_0022.xml",
    "ocr": "OCR-D-OCR/OCR-D-OCR_0003.xml",

    "cer": 0.39435336976320584,
    "wer": 0.711864406779661,


    "n_characters": 1098,
    "n_words": 177
}