{
    "gt": "GT-PAGE/meyfart_rhetorica_1634_0122.xml",
    "ocr": "OCR-D-OCR/OCR-D-OCR_0004.xml",

    "cer": 0.2546728971962617,
    "wer": 0.6879432624113475,


    "n_characters": 856,
    "n_words": 141
}