{
    "gt": "GT-PAGE/bebel_frau_1879_0176.xml",
    "ocr": "OCR-D-OCR/OCR-D-OCR_0003.xml",

    "cer": 0.15771709113224916,
    "wer": 0.1733615221987315,


    "n_characters": 3259,
    "n_words": 473
}