{
    "gt": "GT-PAGE/arnold_ketzerhistorie01_1699_0114.xml",
    "ocr": "OCR-D-OCR/OCR-D-OCR_0003.xml",

    "cer": 0.2999324095978371,
    "wer": 0.4386317907444668,


    "n_characters": 5918,
    "n_words": 994
}