{
    "gt": "GT-PAGE/arnold_ketzerhistorie01_1699_0010.xml",
    "ocr": "OCR-D-OCR/OCR-D-OCR_0001.xml",

    "cer": 0.3438320209973753,
    "wer": 0.6666666666666666,


    "n_characters": 381,
    "n_words": 54
}