{
    "gt": "GT-PAGE/arnold_ketzerhistorie01_1699_0011.xml",
    "ocr": "OCR-D-OCR/OCR-D-OCR_0002.xml",

    "cer": 0.047996041563582385,
    "wer": 0.11888111888111888,


    "n_characters": 2021,
    "n_words": 286
}