{
    "gt": "GT-PAGE/silesius_seelenlust01_1657_0022.xml",
    "ocr": "OCR-D-OCR/OCR-D-OCR_0004.xml",

    "cer": 0.028831562974203338,
    "wer": 0.04032258064516129,


    "n_characters": 659,
    "n_words": 124
}