{
    "gt": "GT-PAGE/silesius_seelenlust01_1657_0423.xml",
    "ocr": "OCR-D-OCR/OCR-D-OCR_0005.xml",

    "cer": 0.29737206085753803,
    "wer": 0.5367647058823529,


    "n_characters": 723,
    "n_words": 136
}