{
    "gt": "GT-PAGE/silesius_seelenlust01_1657_0010.xml",
    "ocr": "OCR-D-OCR/OCR-D-OCR_0002.xml",

    "cer": 0.24077328646748683,
    "wer": 0.6041666666666666,


    "n_characters": 569,
    "n_words": 96
}