{
    "gt": "GT-PAGE/silesius_seelenlust01_1657_0021.xml",
    "ocr": "OCR-D-OCR/OCR-D-OCR_0003.xml",

    "cer": 0.7682926829268293,
    "wer": 0.8873239436619719,


    "n_characters": 410,
    "n_words": 71
}