{
    "gt": "GT-PAGE/silesius_seelenlust01_1657_0009.xml",
    "ocr": "OCR-D-OCR/OCR-D-OCR_0001.xml",

    "cer": 0.08875739644970414,
    "wer": 0.42028985507246375,


    "n_characters": 507,
    "n_words": 69
}