{
    "gt": "GT-PAGE/dannhauer_catechismus10_1673_0108.xml",
    "ocr": "OCR-D-OCR/OCR-D-OCR_0002.xml",

    "cer": 0.0636896046852123,
    "wer": 0.12331838565022421,


    "n_characters": 2732,
    "n_words": 446
}