{
    "gt": "GT-PAGE/dannhauer_catechismus10_1673_0016.xml",
    "ocr": "OCR-D-OCR/OCR-D-OCR_0001.xml",

    "cer": 0.07392776523702031,
    "wer": 0.22666666666666666,


    "n_characters": 1772,
    "n_words": 300
}