{
    "gt": "GT-PAGE/dannhauer_catechismus10_1673_0121.xml",
    "ocr": "OCR-D-OCR/OCR-D-OCR_0004.xml",

    "cer": 0.05300632911392405,
    "wer": 0.14532019704433496,


    "n_characters": 2528,
    "n_words": 406
}