{
    "gt": "GT-PAGE/dannhauer_catechismus10_1673_0113.xml",
    "ocr": "OCR-D-OCR/OCR-D-OCR_0003.xml",

    "cer": 0.06075268817204301,
    "wer": 0.17006802721088435,


    "n_characters": 1860,
    "n_words": 294
}