{
    "gt": "OCR-D-GT-SEG-PAGE/OCR-D-GT-SEG-PAGE_0001.xml",
    "ocr": "OCR-D-OCR/OCR-D-OCR_0001.xml",

    "cer": 0.0472636815920398,
    "wer": 0.14754098360655737,


    "n_characters": 402,
    "n_words": 61
}