{
    "gt": "OCR-D-GT-SEG-PAGE/OCR-D-GT-SEG-PAGE_0001.xml",
    "ocr": "OCR-D-OCR/OCR-D-OCR_0001.xml",

    "cer": 0.014925373134328358,
    "wer": 0.03278688524590164,


    "n_characters": 402,
    "n_words": 61
}