{
    "gt": "GT-PAGE/benner_herrnhuterey04_1748_0016.xml",
    "ocr": "OCR-D-OCR/OCR-D-OCR_0004.xml",

    "cer": 0.07422512234910278,
    "wer": 0.1693121693121693,


    "n_characters": 1226,
    "n_words": 189
}