{
    "gt": "GT-PAGE/benner_herrnhuterey04_1748_0014.xml",
    "ocr": "OCR-D-OCR/OCR-D-OCR_0002.xml",

    "cer": 0.06454183266932272,
    "wer": 0.15517241379310345,


    "n_characters": 1255,
    "n_words": 174
}