{
    "gt": "GT-PAGE/benner_herrnhuterey04_1748_0015.xml",
    "ocr": "OCR-D-OCR/OCR-D-OCR_0003.xml",

    "cer": 0.13338926174496643,
    "wer": 0.329608938547486,


    "n_characters": 1192,
    "n_words": 179
}