{
    "gt": "GT-PAGE/laube_europa0202_1837_0006.xml",
    "ocr": "OCR-D-OCR/OCR-D-OCR_0001.xml",

    "cer": 0.24475524475524477,
    "wer": 0.47619047619047616,


    "n_characters": 143,
    "n_words": 21
}