{
    "gt": "GT-PAGE/laube_europa0202_1837_0007.xml",
    "ocr": "OCR-D-OCR/OCR-D-OCR_0002.xml",

    "cer": 0.15625,
    "wer": 0.21428571428571427,


    "n_characters": 96,
    "n_words": 14
}