{
    "gt": "GT-PAGE/laube_europa0202_1837_0105.xml",
    "ocr": "OCR-D-OCR/OCR-D-OCR_0003.xml",

    "cer": 0.1076923076923077,
    "wer": 0.2894736842105263,


    "n_characters": 910,
    "n_words": 152
}