{
    "gt": "OCR-D-GT-SEG-PAGE/OCR-D-GT-SEG-PAGE_0001.xml",
    "ocr": "OCR-D-OCR/OCR-D-OCR_0001.xml",

    "cer": 0.401920438957476,
    "wer": 0.5350877192982456,


    "n_characters": 729,
    "n_words": 114
}