{
    "gt": "OCR-D-GT-SEG-PAGE/OCR-D-GT-SEG-PAGE_0003.xml",
    "ocr": "OCR-D-OCR/OCR-D-OCR_0003.xml",

    "cer": 0.05723905723905724,
    "wer": 0.22105263157894736,


    "n_characters": 1782,
    "n_words": 285
}