{
    "gt": "OCR-D-GT-SEG-PAGE/OCR-D-GT-SEG-PAGE_0002.xml",
    "ocr": "OCR-D-OCR/OCR-D-OCR_0002.xml",

    "cer": 0.1447887323943662,
    "wer": 0.2872340425531915,


    "n_characters": 1775,
    "n_words": 282
}