{
    "gt": "OCR-D-GT-SEG-PAGE/OCR-D-GT-SEG-PAGE_0004.xml",
    "ocr": "OCR-D-OCR/OCR-D-OCR_0004.xml",

    "cer": 0.20362737015663643,
    "wer": 0.32323232323232326,


    "n_characters": 1213,
    "n_words": 198
}