{
    "gt": "GT-PAGE/reinkingk_policey_1653_0139.xml",
    "ocr": "OCR-D-OCR/OCR-D-OCR_0003.xml",

    "cer": 0.15742397137745975,
    "wer": 0.4338235294117647,


    "n_characters": 1677,
    "n_words": 272
}