{
    "gt": "GT-PAGE/reinkingk_policey_1653_0016.xml",
    "ocr": "OCR-D-OCR/OCR-D-OCR_0001.xml",

    "cer": 0.2615540883697308,
    "wer": 0.5910652920962199,


    "n_characters": 1969,
    "n_words": 291
}