{
    "gt": "GT-PAGE/reinkingk_policey_1653_0017.xml",
    "ocr": "OCR-D-OCR/OCR-D-OCR_0002.xml",

    "cer": 0.35297418630751964,
    "wer": 0.6690140845070423,


    "n_characters": 1782,
    "n_words": 284
}