{
    "gt": "GT-PAGE/nn_mirabilia_1500_0019.xml",
    "ocr": "OCR-D-OCR/OCR-D-OCR_0002.xml",

    "cer": 0.11890243902439024,
    "wer": 0.45108695652173914,


    "n_characters": 984,
    "n_words": 184
}