{
    "gt": "GT-PAGE/nn_mirabilia_1500_0009.xml",
    "ocr": "OCR-D-OCR/OCR-D-OCR_0001.xml",

    "cer": 0.3512064343163539,
    "wer": 0.7605633802816901,


    "n_characters": 373,
    "n_words": 71
}