{
    "gt": "GT-PAGE/nn_mirabilia_1500_0087.xml",
    "ocr": "OCR-D-OCR/OCR-D-OCR_0003.xml",

    "cer": 0.19797979797979798,
    "wer": 0.6335078534031413,


    "n_characters": 990,
    "n_words": 191
}