{
    "gt": "GT-PAGE/euler_rechenkunst01_1738_0025.xml",
    "ocr": "OCR-D-OCR/OCR-D-OCR_0002.xml",

    "cer": 0.6873684210526316,
    "wer": 1.1951219512195121,


    "n_characters": 950,
    "n_words": 164
}