{
    "gt": "GT-PAGE/euler_rechenkunst01_1738_0041.xml",
    "ocr": "OCR-D-OCR/OCR-D-OCR_0006.xml",

    "cer": 0.47674418604651164,
    "wer": 0.9197080291970803,


    "n_characters": 860,
    "n_words": 137
}