{
    "gt": "GT-PAGE/euler_rechenkunst01_1738_0033.xml",
    "ocr": "OCR-D-OCR/OCR-D-OCR_0005.xml",

    "cer": 0.25333333333333335,
    "wer": 0.6035502958579881,


    "n_characters": 1125,
    "n_words": 169
}