{
    "gt": "GT-PAGE/euler_rechenkunst01_1738_0024.xml",
    "ocr": "OCR-D-OCR/OCR-D-OCR_0001.xml",

    "cer": 0.18907198612315698,
    "wer": 0.5232558139534884,


    "n_characters": 1153,
    "n_words": 172
}