{
    "gt": "GT-PAGE/euler_rechenkunst01_1738_0031.xml",
    "ocr": "OCR-D-OCR/OCR-D-OCR_0004.xml",

    "cer": 0.5040404040404041,
    "wer": 0.9419354838709677,


    "n_characters": 990,
    "n_words": 155
}