{
    "gt": "GT-PAGE/euler_rechenkunst01_1738_0026.xml",
    "ocr": "OCR-D-OCR/OCR-D-OCR_0003.xml",

    "cer": 0.40737893927747887,
    "wer": 0.6990291262135923,


    "n_characters": 1301,
    "n_words": 206
}