{
    "gt": "GT-PAGE/nn_historia_1500_0007.xml",
    "ocr": "OCR-D-OCR/OCR-D-OCR_0007.xml",

    "cer": 0.3949579831932773,
    "wer": 0.926829268292683,


    "n_characters": 238,
    "n_words": 41
}