{
    "gt": "GT-PAGE/nn_mirabilia_1500_0009.xml",
    "ocr": "OCR-D-OCR/OCR-D-OCR_0001.xml",

    "cer": 0.3967828418230563,
    "wer": 0.8309859154929577,


    "n_characters": 373,
    "n_words": 71
}