{
    "gt": "GT-PAGE/nn_mirabilia_1500_0019.xml",
    "ocr": "OCR-D-OCR/OCR-D-OCR_0002.xml",

    "cer": 0.17073170731707318,
    "wer": 0.6086956521739131,


    "n_characters": 984,
    "n_words": 184
}