{
    "gt": "GT-PAGE/nn_mirabilia_1500_0087.xml",
    "ocr": "OCR-D-OCR/OCR-D-OCR_0003.xml",

    "cer": 0.2494949494949495,
    "wer": 0.7172774869109948,


    "n_characters": 990,
    "n_words": 191
}