{
    "gt": "OCR-D-GT-SEG-PAGE/OCR-D-GT-SEG-PAGE_0003.xml",
    "ocr": "OCR-D-OCR/OCR-D-OCR_0003.xml",

    "cer": 0.4760661444734552,
    "wer": 0.7512953367875648,


    "n_characters": 1149,
    "n_words": 193
}