{
    "gt": "OCR-D-GT-SEG-PAGE/OCR-D-GT-SEG-PAGE_0005.xml",
    "ocr": "OCR-D-OCR/OCR-D-OCR_0005.xml",

    "cer": 0.23919043238270468,
    "wer": 0.6411764705882353,


    "n_characters": 1087,
    "n_words": 170
}