{
    "gt": "OCR-D-GT-SEG-PAGE/OCR-D-GT-SEG-PAGE_0001.xml",
    "ocr": "OCR-D-OCR/OCR-D-OCR_0001.xml",

    "cer": 0.2891566265060241,
    "wer": 0.5862068965517241,


    "n_characters": 664,
    "n_words": 116
}