{
    "gt": "OCR-D-GT-SEG-PAGE/OCR-D-GT-SEG-PAGE_0004.xml",
    "ocr": "OCR-D-OCR/OCR-D-OCR_0004.xml",

    "cer": 0.16619452313503305,
    "wer": 0.5757575757575758,


    "n_characters": 1059,
    "n_words": 165
}