{
    "gt": "OCR-D-GT-SEG-PAGE/OCR-D-GT-SEG-PAGE_0002.xml",
    "ocr": "OCR-D-OCR/OCR-D-OCR_0002.xml",

    "cer": 0.42697368421052634,
    "wer": 0.7330677290836654,


    "n_characters": 1520,
    "n_words": 251
}