{
    "gt": "GT-PAGE/wecker_kochbuch_1598_0029.xml",
    "ocr": "OCR-D-OCR/OCR-D-OCR_0004.xml",

    "cer": 0.17967967967967968,
    "wer": 0.5057471264367817,


    "n_characters": 1998,
    "n_words": 348
}