{
    "gt": "GT-PAGE/wecker_kochbuch_1598_0007.xml",
    "ocr": "OCR-D-OCR/OCR-D-OCR_0001.xml",

    "cer": 0.19084888621312462,
    "wer": 0.5991561181434599,


    "n_characters": 1661,
    "n_words": 237
}