{
    "gt": "GT-PAGE/wecker_kochbuch_1598_0011.xml",
    "ocr": "OCR-D-OCR/OCR-D-OCR_0002.xml",

    "cer": 0.18103957471943297,
    "wer": 0.5722772277227722,


    "n_characters": 3386,
    "n_words": 505
}