{
    "gt": "GT-PAGE/rollenhagen_reysen_1603_0012.xml",
    "ocr": "OCR-D-OCR/OCR-D-OCR_0003.xml",

    "cer": 0.2161753590325019,
    "wer": 0.5492957746478874,


    "n_characters": 1323,
    "n_words": 213
}