{
    "gt": "GT-PAGE/rollenhagen_reysen_1603_0007.xml",
    "ocr": "OCR-D-OCR/OCR-D-OCR_0001.xml",

    "cer": 0.3450210378681627,
    "wer": 0.6754385964912281,


    "n_characters": 713,
    "n_words": 114
}