{
    "gt": "GT-PAGE/rollenhagen_reysen_1603_0011.xml",
    "ocr": "OCR-D-OCR/OCR-D-OCR_0002.xml",

    "cer": 0.281496062992126,
    "wer": 0.6535947712418301,


    "n_characters": 1016,
    "n_words": 153
}