{
    "gt": "GT-PAGE/lohenstein_agrippina_1665_0018.xml",
    "ocr": "OCR-D-OCR/OCR-D-OCR_0001.xml",

    "cer": 0.2567215958369471,
    "wer": 0.6329113924050633,


    "n_characters": 1153,
    "n_words": 158
}