{
    "gt": "GT-PAGE/lohenstein_agrippina_1665_0019.xml",
    "ocr": "OCR-D-OCR/OCR-D-OCR_0002.xml",

    "cer": 0.26095060577819196,
    "wer": 0.6382978723404256,


    "n_characters": 1073,
    "n_words": 188
}