{
    "gt": "GT-PAGE/lohenstein_agrippina_1665_0121.xml",
    "ocr": "OCR-D-OCR/OCR-D-OCR_0003.xml",

    "cer": 0.266006600660066,
    "wer": 0.5653846153846154,


    "n_characters": 1515,
    "n_words": 260
}