{
    "gt": "OCR-D-GT-SEG-PAGE/OCR-D-GT-SEG-PAGE_0001.xml",
    "ocr": "OCR-D-OCR/OCR-D-OCR_0001.xml",

    "cer": 0.12437810945273632,
    "wer": 0.22950819672131148,


    "n_characters": 402,
    "n_words": 61
}