{
    "gt": "GT-PAGE/weigel_gnothi02_1618_0016.xml",
    "ocr": "OCR-D-OCR/OCR-D-OCR_0003.xml",

    "cer": 0.07751396648044692,
    "wer": 0.11731843575418995,


    "n_characters": 1432,
    "n_words": 179
}