{
    "gt": "GT-PAGE/weigel_gnothi02_1618_0112.xml",
    "ocr": "OCR-D-OCR/OCR-D-OCR_0004.xml",

    "cer": 0.07544581618655692,
    "wer": 0.1282051282051282,


    "n_characters": 1458,
    "n_words": 234
}