{
    "gt": "GT-PAGE/sachs_drey_1553_0010.xml",
    "ocr": "OCR-D-OCR/OCR-D-OCR_0001.xml",

    "cer": 0.037082818294190356,
    "wer": 0.208955223880597,


    "n_characters": 809,
    "n_words": 134
}