{
    "gt": "GT-PAGE/sachs_drey_1553_0011.xml",
    "ocr": "OCR-D-OCR/OCR-D-OCR_0002.xml",

    "cer": 0.04565217391304348,
    "wer": 0.2857142857142857,


    "n_characters": 920,
    "n_words": 161
}