{
    "gt": "GT-PAGE/ballenstedt_delatio_1777_00005.xml",
    "ocr": "OCR-D-OCR/OCR-D-OCR_00005.xml",

    "cer": 0.05761316872427984,
    "wer": 0.28512396694214875,


    "n_characters": 1701,
    "n_words": 242
}