{
    "gt": "GT-PAGE/ballenstedt_delatio_1777_00003.xml",
    "ocr": "OCR-D-OCR/OCR-D-OCR_00003.xml",

    "cer": 0.06529209621993128,
    "wer": 0.24472573839662448,


    "n_characters": 1746,
    "n_words": 237
}