{
    "gt": "GT-PAGE/ballenstedt_delatio_1777_00010.xml",
    "ocr": "OCR-D-OCR/OCR-D-OCR_00010.xml",

    "cer": 0.04184549356223176,
    "wer": 0.19066147859922178,


    "n_characters": 1864,
    "n_words": 257
}