{
    "gt": "OCR-D-GT-SEG-PAGE/OCR-D-GT-SEG-PAGE_0002.xml",
    "ocr": "OCR-D-OCR/OCR-D-OCR_0002.xml",

    "cer": 0.224105461393597,
    "wer": 0.5894039735099338,


    "n_characters": 1062,
    "n_words": 151
}