{
    "gt": "OCR-D-GT-SEG-PAGE/OCR-D-GT-SEG-PAGE_0003.xml",
    "ocr": "OCR-D-OCR/OCR-D-OCR_0003.xml",

    "cer": 0.155420773313116,
    "wer": 0.5081967213114754,


    "n_characters": 2638,
    "n_words": 427
}