{
    "gt": "OCR-D-GT-SEG-PAGE/OCR-D-GT-SEG-PAGE_0004.xml",
    "ocr": "OCR-D-OCR/OCR-D-OCR_0004.xml",

    "cer": 0.16766467065868262,
    "wer": 0.5497512437810945,


    "n_characters": 2505,
    "n_words": 402
}