{
    "gt": "GT-PAGE/rollenhagen_reysen_1603_0011.xml",
    "ocr": "OCR-D-OCR/OCR-D-OCR_0002.xml",

    "cer": 0.17913385826771652,
    "wer": 0.28104575163398693,


    "n_characters": 1016,
    "n_words": 153
}