{
    "gt": "GT-PAGE/rollenhagen_reysen_1603_0007.xml",
    "ocr": "OCR-D-OCR/OCR-D-OCR_0001.xml",

    "cer": 0.34081346423562414,
    "wer": 0.6140350877192983,


    "n_characters": 713,
    "n_words": 114
}