{
    "gt": "GT-PAGE/rollenhagen_reysen_1603_0012.xml",
    "ocr": "OCR-D-OCR/OCR-D-OCR_0003.xml",

    "cer": 0.15419501133786848,
    "wer": 0.215962441314554,


    "n_characters": 1323,
    "n_words": 213
}