{
    "gt": "GT-PAGE/nn_lied_1520_0006.xml",
    "ocr": "OCR-D-OCR/OCR-D-OCR_0006.xml",

    "cer": 0.2810615199034982,
    "wer": 0.6352201257861635,


    "n_characters": 829,
    "n_words": 159
}