{
    "gt": "GT-PAGE/dannhauer_catechismus10_1673_0108.xml",
    "ocr": "OCR-D-OCR/OCR-D-OCR_0002.xml",

    "cer": 0.06844802342606149,
    "wer": 0.15022421524663676,


    "n_characters": 2732,
    "n_words": 446
}