{
    "gt": "GT-PAGE/dannhauer_catechismus10_1673_0113.xml",
    "ocr": "OCR-D-OCR/OCR-D-OCR_0003.xml",

    "cer": 0.07903225806451612,
    "wer": 0.19727891156462585,


    "n_characters": 1860,
    "n_words": 294
}