{
    "gt": "GT-PAGE/dannhauer_catechismus10_1673_0121.xml",
    "ocr": "OCR-D-OCR/OCR-D-OCR_0004.xml",

    "cer": 0.06526898734177215,
    "wer": 0.16009852216748768,


    "n_characters": 2528,
    "n_words": 406
}