{
    "gt": "GT-PAGE/weigel_gnothi02_1618_0003.xml",
    "ocr": "OCR-D-OCR/OCR-D-OCR_0001.xml",

    "cer": 0.2206405693950178,
    "wer": 0.546875,


    "n_characters": 1124,
    "n_words": 192
}