{
    "gt": "GT-PAGE/weigel_gnothi02_1618_0112.xml",
    "ocr": "OCR-D-OCR/OCR-D-OCR_0004.xml",

    "cer": 0.09259259259259259,
    "wer": 0.3418803418803419,


    "n_characters": 1458,
    "n_words": 234
}