{
    "gt": "GT-PAGE/weigel_gnothi02_1618_0016.xml",
    "ocr": "OCR-D-OCR/OCR-D-OCR_0003.xml",

    "cer": 0.16829608938547486,
    "wer": 0.4972067039106145,


    "n_characters": 1432,
    "n_words": 179
}