{
    "gt": "OCR-D-GT-SEG-PAGE/OCR-D-GT-SEG-PAGE_0001.xml",
    "ocr": "OCR-D-OCR/OCR-D-OCR_0001.xml",

    "cer": 0.12160050015629885,
    "wer": 0.25254237288135595,


    "n_characters": 3199,
    "n_words": 590
}