{
    "gt": "GT-PAGE/nn_historia_1500_0009.xml",
    "ocr": "OCR-D-OCR/OCR-D-OCR_0009.xml",

    "cer": 0.06598586017282011,
    "wer": 0.24066390041493776,


    "n_characters": 1273,
    "n_words": 241
}