{
    "gt": "GT-PAGE/nn_historia_1500_0007.xml",
    "ocr": "OCR-D-OCR/OCR-D-OCR_0007.xml",

    "cer": 0.10504201680672269,
    "wer": 0.2926829268292683,


    "n_characters": 238,
    "n_words": 41
}