{
    "gt": "GT-PAGE/nn_lied_1520_0006.xml",
    "ocr": "OCR-D-OCR/OCR-D-OCR_0006.xml",

    "cer": 0.09650180940892641,
    "wer": 0.1949685534591195,


    "n_characters": 829,
    "n_words": 159
}