{
    "gt": "GT-PAGE/sachs_drey_1553_0010.xml",
    "ocr": "OCR-D-OCR/OCR-D-OCR_0001.xml",

    "cer": 0.048207663782447466,
    "wer": 0.31343283582089554,


    "n_characters": 809,
    "n_words": 134
}