{
    "gt": "GT-PAGE/arnold_ketzerhistorie01_1699_0011.xml",
    "ocr": "OCR-D-OCR/OCR-D-OCR_0002.xml",

    "cer": 0.14794656110836218,
    "wer": 0.4825174825174825,


    "n_characters": 2021,
    "n_words": 286
}