{
    "gt": "GT-PAGE/arnold_ketzerhistorie01_1699_0115.xml",
    "ocr": "OCR-D-OCR/OCR-D-OCR_0004.xml",

    "cer": 0.530827563468513,
    "wer": 0.7713178294573644,


    "n_characters": 6066,
    "n_words": 1032
}