{
    "gt": "GT-PAGE/arnold_ketzerhistorie01_1699_0114.xml",
    "ocr": "OCR-D-OCR/OCR-D-OCR_0003.xml",

    "cer": 0.37208516390672525,
    "wer": 0.6448692152917505,


    "n_characters": 5918,
    "n_words": 994
}