{
    "gt": "GT-PAGE/arnold_ketzerhistorie01_1699_0010.xml",
    "ocr": "OCR-D-OCR/OCR-D-OCR_0001.xml",

    "cer": 0.5249343832020997,
    "wer": 1.037037037037037,


    "n_characters": 381,
    "n_words": 54
}