{
    "gt": "GT-PAGE/brenz_abentmal_1550_0158.xml",
    "ocr": "OCR-D-OCR/OCR-D-OCR_0004.xml",

    "cer": 0.30057803468208094,
    "wer": 0.8135593220338984,


    "n_characters": 346,
    "n_words": 59
}