{
    "gt": "GT-PAGE/brenz_abentmal_1550_0046.xml",
    "ocr": "OCR-D-OCR/OCR-D-OCR_0003.xml",

    "cer": 0.3383333333333333,
    "wer": 0.6868686868686869,


    "n_characters": 600,
    "n_words": 99
}