{
    "gt": "GT-PAGE/brenz_abentmal_1550_0043.xml",
    "ocr": "OCR-D-OCR/OCR-D-OCR_0002.xml",

    "cer": 0.5184210526315789,
    "wer": 0.8571428571428571,


    "n_characters": 380,
    "n_words": 63
}