{
    "gt": "GT-PAGE/basilius_legendi_1515_0007.xml",
    "ocr": "OCR-D-OCR/OCR-D-OCR_0001.xml",

    "cer": 0.10532761788120025,
    "wer": 0.4074074074074074,


    "n_characters": 1633,
    "n_words": 270
}