{
    "gt": "GT-PAGE/basilius_legendi_1515_0008.xml",
    "ocr": "OCR-D-OCR/OCR-D-OCR_0002.xml",

    "cer": 0.07095610342754059,
    "wer": 0.26217228464419473,


    "n_characters": 1663,
    "n_words": 267
}