{
    "gt": "GT-PAGE/basilius_legendi_1515_0023.xml",
    "ocr": "OCR-D-OCR/OCR-D-OCR_0003.xml",

    "cer": 0.12717770034843207,
    "wer": 0.2736842105263158,


    "n_characters": 574,
    "n_words": 95
}