{
    "gt": "GT-PAGE/aepinus_bekentnis_1548_0021.xml",
    "ocr": "OCR-D-OCR/OCR-D-OCR_0004.xml",

    "cer": 0.20911854103343466,
    "wer": 0.6679245283018868,


    "n_characters": 1645,
    "n_words": 265
}