{
    "gt": "GT-PAGE/aepinus_bekentnis_1548_0020.xml",
    "ocr": "OCR-D-OCR/OCR-D-OCR_0003.xml",

    "cer": 0.3112391930835735,
    "wer": 0.8173076923076923,


    "n_characters": 694,
    "n_words": 104
}