{
    "gt": "GT-PAGE/aepinus_bekentnis_1548_0007.xml",
    "ocr": "OCR-D-OCR/OCR-D-OCR_0002.xml",

    "cer": 0.2817796610169492,
    "wer": 0.7013574660633484,


    "n_characters": 1416,
    "n_words": 221
}