{
    "gt": "GT-PAGE/aepinus_bekentnis_1548_0006.xml",
    "ocr": "OCR-D-OCR/OCR-D-OCR_0001.xml",

    "cer": 0.2134935304990758,
    "wer": 0.6063829787234043,


    "n_characters": 1082,
    "n_words": 188
}