{
    "gt": "GT-PAGE/kistler_kraeuter_1500_0007.xml",
    "ocr": "OCR-D-OCR/OCR-D-OCR_0007.xml",

    "cer": 0.21728395061728395,
    "wer": 0.7572815533980582,


    "n_characters": 1215,
    "n_words": 206
}