{
    "gt": "GT-PAGE/luther_auszlegunge_1520_0003.xml",
    "ocr": "OCR-D-OCR/OCR-D-OCR_0003.xml",

    "cer": 0.40611877624475107,
    "wer": 0.43812709030100333,


    "n_characters": 1667,
    "n_words": 299
}