{
    "gt": "GT-PAGE/luther_auszlegunge_1520_0029.xml",
    "ocr": "OCR-D-OCR/OCR-D-OCR_0029.xml",

    "cer": 0.07303370786516854,
    "wer": 0.21658986175115208,


    "n_characters": 1246,
    "n_words": 217
}