{
    "gt": "GT-PAGE/basilius_legendi_1515_0008.xml",
    "ocr": "OCR-D-OCR/OCR-D-OCR_0002.xml",

    "cer": 0.153337342152736,
    "wer": 0.5767790262172284,


    "n_characters": 1663,
    "n_words": 267
}