{
    "gt": "GT-PAGE/basilius_legendi_1515_0023.xml",
    "ocr": "OCR-D-OCR/OCR-D-OCR_0003.xml",

    "cer": 0.29094076655052264,
    "wer": 0.7157894736842105,


    "n_characters": 574,
    "n_words": 95
}