{
    "gt": "GT-PAGE/basilius_legendi_1515_0007.xml",
    "ocr": "OCR-D-OCR/OCR-D-OCR_0001.xml",

    "cer": 0.22045315370483773,
    "wer": 0.7333333333333333,


    "n_characters": 1633,
    "n_words": 270
}