{
    "gt": "GT-PAGE/nn_lied_1520_0006.xml",
    "ocr": "OCR-D-OCR/OCR-D-OCR_0006.xml",

    "cer": 0.25090470446320867,
    "wer": 0.6666666666666666,


    "n_characters": 829,
    "n_words": 159
}