{
    "gt": "GT-PAGE/wecker_kochbuch_1598_0007.xml",
    "ocr": "OCR-D-OCR/OCR-D-OCR_0001.xml",

    "cer": 0.09873570138470801,
    "wer": 0.3037974683544304,


    "n_characters": 1661,
    "n_words": 237
}