{
    "gt": "GT-PAGE/wecker_kochbuch_1598_0029.xml",
    "ocr": "OCR-D-OCR/OCR-D-OCR_0004.xml",

    "cer": 0.1036036036036036,
    "wer": 0.3448275862068966,


    "n_characters": 1998,
    "n_words": 348
}