{
    "gt": "GT-PAGE/wecker_kochbuch_1598_0011.xml",
    "ocr": "OCR-D-OCR/OCR-D-OCR_0002.xml",

    "cer": 0.20171293561724749,
    "wer": 0.5861386138613861,


    "n_characters": 3386,
    "n_words": 505
}