{
    "gt": "GT-PAGE/aventinus_grammatica_1515_0007.xml",
    "ocr": "OCR-D-OCR/OCR-D-OCR_0007.xml",

    "cer": 0.6259259259259259,
    "wer": 0.8888888888888888,


    "n_characters": 810,
    "n_words": 126
}