{
    "gt": "GT-PAGE/aventinus_grammatica_1515_0008.xml",
    "ocr": "OCR-D-OCR/OCR-D-OCR_0008.xml",

    "cer": 0.6247422680412371,
    "wer": 0.9276018099547512,


    "n_characters": 1455,
    "n_words": 221
}