{
    "gt": "GT-PAGE/aventinus_grammatica_1515_0006.xml",
    "ocr": "OCR-D-OCR/OCR-D-OCR_0006.xml",

    "cer": 0.31268264172998245,
    "wer": 0.8252032520325203,


    "n_characters": 1711,
    "n_words": 246
}