{
    "gt": "GT-PAGE/buerger_gedichte_1778_0039.xml",
    "ocr": "OCR-D-OCR/OCR-D-OCR_0001.xml",

    "cer": 0.22502744237102085,
    "wer": 0.3382352941176471,


    "n_characters": 911,
    "n_words": 136
}