{
    "gt": "GT-PAGE/buerger_gedichte_1778_0066.xml",
    "ocr": "OCR-D-OCR/OCR-D-OCR_0002.xml",

    "cer": 0.04484304932735426,
    "wer": 0.10810810810810811,


    "n_characters": 223,
    "n_words": 37
}