{
    "gt": "GT-PAGE/karlstadt_sermon_1523_0006.xml",
    "ocr": "OCR-D-OCR/OCR-D-OCR_0001.xml",

    "cer": 0.09903640256959315,
    "wer": 0.2534722222222222,


    "n_characters": 1868,
    "n_words": 288
}