{
    "gt": "GT-PAGE/karlstadt_sermon_1523_0020.xml",
    "ocr": "OCR-D-OCR/OCR-D-OCR_0002.xml",

    "cer": 0.05177664974619289,
    "wer": 0.1457725947521866,


    "n_characters": 1970,
    "n_words": 343
}