{
    "gt": "GT-PAGE/luther_auszlegunge_1520_0029.xml",
    "ocr": "OCR-D-OCR/OCR-D-OCR_0029.xml",

    "cer": 0.07865168539325842,
    "wer": 0.2350230414746544,


    "n_characters": 1246,
    "n_words": 217
}