{
    "gt": "GT-PAGE/glauber_opera01_1658_0029.xml",
    "ocr": "OCR-D-OCR/OCR-D-OCR_0003.xml",

    "cer": 0.11903012490815577,
    "wer": 0.23857868020304568,


    "n_characters": 1361,
    "n_words": 197
}