{
    "gt": "GT-PAGE/glauber_opera01_1658_0009.xml",
    "ocr": "OCR-D-OCR/OCR-D-OCR_0002.xml",

    "cer": 0.7806850618458611,
    "wer": 0.9782608695652174,


    "n_characters": 2102,
    "n_words": 322
}