{
    "gt": "GT-PAGE/glauber_opera01_1658_0072.xml",
    "ocr": "OCR-D-OCR/OCR-D-OCR_0005.xml",

    "cer": 0.040383299110198494,
    "wer": 0.09010989010989011,


    "n_characters": 2922,
    "n_words": 455
}