{
    "gt": "GT-PAGE/glauber_opera01_1658_0007.xml",
    "ocr": "OCR-D-OCR/OCR-D-OCR_0001.xml",

    "cer": 0.09271523178807947,
    "wer": 0.21052631578947367,


    "n_characters": 1812,
    "n_words": 266
}