{
    "gt": "GT-PAGE/glauber_opera01_1658_0032.xml",
    "ocr": "OCR-D-OCR/OCR-D-OCR_0004.xml",

    "cer": 0.06778169014084508,
    "wer": 0.13068181818181818,


    "n_characters": 2272,
    "n_words": 352
}