{
    "gt": "GT-PAGE/glauber_opera01_1658_0078.xml",
    "ocr": "OCR-D-OCR/OCR-D-OCR_0006.xml",

    "cer": 0.06676783004552352,
    "wer": 0.1857707509881423,


    "n_characters": 3295,
    "n_words": 506
}