{
    "gt": "GT-PAGE/heyden_paedono_1548_0007.xml",
    "ocr": "OCR-D-OCR/OCR-D-OCR_0007.xml",

    "cer": 0.37367624810892586,
    "wer": 0.660377358490566,


    "n_characters": 661,
    "n_words": 106
}