{
    "gt": "GT-PAGE/heyden_paedono_1548_0013.xml",
    "ocr": "OCR-D-OCR/OCR-D-OCR_0013.xml",

    "cer": 0.251453488372093,
    "wer": 0.6019417475728155,


    "n_characters": 688,
    "n_words": 103
}