{
    "gt": "GT-PAGE/heyden_paedono_1548_0014.xml",
    "ocr": "OCR-D-OCR/OCR-D-OCR_0014.xml",

    "cer": 0.08888888888888889,
    "wer": 0.3559322033898305,


    "n_characters": 810,
    "n_words": 118
}