{
    "gt": "GT-PAGE/meyfart_rhetorica_1634_0122.xml",
    "ocr": "OCR-D-OCR/OCR-D-OCR_0004.xml",

    "cer": 0.056074766355140186,
    "wer": 0.1276595744680851,


    "n_characters": 856,
    "n_words": 141
}