{
    "gt": "GT-PAGE/meyfart_rhetorica_1634_0007.xml",
    "ocr": "OCR-D-OCR/OCR-D-OCR_0001.xml",

    "cer": 0.3559322033898305,
    "wer": 0.8181818181818182,


    "n_characters": 413,
    "n_words": 55
}