{
    "gt": "GT-PAGE/meyfart_rhetorica_1634_0021.xml",
    "ocr": "OCR-D-OCR/OCR-D-OCR_0002.xml",

    "cer": 0.16483516483516483,
    "wer": 0.3191489361702128,


    "n_characters": 637,
    "n_words": 94
}