{
    "gt": "GT-PAGE/meyfart_rhetorica_1634_0022.xml",
    "ocr": "OCR-D-OCR/OCR-D-OCR_0003.xml",

    "cer": 0.151183970856102,
    "wer": 0.22598870056497175,


    "n_characters": 1098,
    "n_words": 177
}