{
    "gt": "OCR-D-GT-SEG-PAGE/OCR-D-GT-SEG-PAGE_0001.xml",
    "ocr": "OCR-D-OCR/OCR-D-OCR_0001.xml",

    "cer": 0.01990049751243781,
    "wer": 0.04918032786885246,


    "n_characters": 402,
    "n_words": 61
}