{
    "gt": "GT-PAGE/trota_mordtbrenner_1540_0013.xml",
    "ocr": "OCR-D-OCR/OCR-D-OCR_0002.xml",

    "cer": 0.1349206349206349,
    "wer": 0.47058823529411764,


    "n_characters": 630,
    "n_words": 102
}