{
    "gt": "GT-PAGE/trota_mordtbrenner_1540_0011.xml",
    "ocr": "OCR-D-OCR/OCR-D-OCR_0001.xml",

    "cer": 0.2245508982035928,
    "wer": 0.5929203539823009,


    "n_characters": 668,
    "n_words": 113
}