{
    "gt": "OCR-D-GT-SEG-PAGE/OCR-D-GT-SEG-PAGE_0001.xml",
    "ocr": "OCR-D-OCR/OCR-D-OCR_0001.xml",

    "cer": 0.45951859956236324,
    "wer": 0.6779661016949152,


    "n_characters": 3199,
    "n_words": 590
}