{
    "gt": "GT-PAGE/luther_babstum_1526_0011.xml",
    "ocr": "OCR-D-OCR/OCR-D-OCR_0011.xml",

    "cer": 0.28378378378378377,
    "wer": 0.7333333333333333,


    "n_characters": 592,
    "n_words": 105
}