{
    "gt": "GT-PAGE/euler_rechenkunst01_1738_0025.xml",
    "ocr": "OCR-D-OCR/OCR-D-OCR_0002.xml",

    "cer": 0.5357894736842105,
    "wer": 0.8292682926829268,


    "n_characters": 950,
    "n_words": 164
}