{
    "gt": "GT-PAGE/euler_rechenkunst01_1738_0033.xml",
    "ocr": "OCR-D-OCR/OCR-D-OCR_0005.xml",

    "cer": 0.17955555555555555,
    "wer": 0.30177514792899407,


    "n_characters": 1125,
    "n_words": 169
}