{
    "gt": "GT-PAGE/euler_rechenkunst01_1738_0026.xml",
    "ocr": "OCR-D-OCR/OCR-D-OCR_0003.xml",

    "cer": 0.31898539584934665,
    "wer": 0.46601941747572817,


    "n_characters": 1301,
    "n_words": 206
}