{
    "gt": "GT-PAGE/euler_rechenkunst01_1738_0041.xml",
    "ocr": "OCR-D-OCR/OCR-D-OCR_0006.xml",

    "cer": 0.3325581395348837,
    "wer": 0.48905109489051096,


    "n_characters": 860,
    "n_words": 137
}