{
    "gt": "GT-PAGE/euler_rechenkunst01_1738_0024.xml",
    "ocr": "OCR-D-OCR/OCR-D-OCR_0001.xml",

    "cer": 0.08065915004336513,
    "wer": 0.1686046511627907,


    "n_characters": 1153,
    "n_words": 172
}