{
    "gt": "OCR-D-GT-SEG-PAGE/OCR-D-GT-SEG-PAGE_0002.xml",
    "ocr": "OCR-D-OCR/OCR-D-OCR_0002.xml",

    "cer": 0.12394366197183099,
    "wer": 0.23049645390070922,


    "n_characters": 1775,
    "n_words": 282
}