{
    "gt": "OCR-D-GT-SEG-PAGE/OCR-D-GT-SEG-PAGE_0001.xml",
    "ocr": "OCR-D-OCR/OCR-D-OCR_0001.xml",

    "cer": 0.0438957475994513,
    "wer": 0.05263157894736842,


    "n_characters": 729,
    "n_words": 114
}