{
    "gt": "OCR-D-GT-SEG-PAGE/OCR-D-GT-SEG-PAGE_0004.xml",
    "ocr": "OCR-D-OCR/OCR-D-OCR_0004.xml",

    "cer": 0.179719703215169,
    "wer": 0.2676767676767677,


    "n_characters": 1213,
    "n_words": 198
}