{
    "gt": "OCR-D-GT-SEG-PAGE/OCR-D-GT-SEG-PAGE_0003.xml",
    "ocr": "OCR-D-OCR/OCR-D-OCR_0003.xml",

    "cer": 0.07687991021324354,
    "wer": 0.18596491228070175,


    "n_characters": 1782,
    "n_words": 285
}