{
    "gt": "GT-PAGE/pistoris_regiment_1506_0010.xml",
    "ocr": "OCR-D-OCR/OCR-D-OCR_0002.xml",

    "cer": 0.3442879499217527,
    "wer": 0.7515337423312883,


    "n_characters": 1917,
    "n_words": 326
}