{
    "gt": "GT-PAGE/pistoris_regiment_1506_0009.xml",
    "ocr": "OCR-D-OCR/OCR-D-OCR_0001.xml",

    "cer": 0.3629842180774749,
    "wer": 0.7842323651452282,


    "n_characters": 1394,
    "n_words": 241
}