{
    "gt": "GT-PAGE/pistoris_regiment_1506_0011.xml",
    "ocr": "OCR-D-OCR/OCR-D-OCR_0003.xml",

    "cer": 0.26514486391571557,
    "wer": 0.7371134020618557,


    "n_characters": 1139,
    "n_words": 194
}