{
    "gt": "OCR-D-GT-SEG-PAGE/OCR-D-GT-SEG-PAGE_0002.xml",
    "ocr": "OCR-D-OCR/OCR-D-OCR_0002.xml",

    "cer": 0.12146892655367232,
    "wer": 0.31788079470198677,


    "n_characters": 1062,
    "n_words": 151
}