{
    "gt": "OCR-D-GT-SEG-PAGE/OCR-D-GT-SEG-PAGE_0003.xml",
    "ocr": "OCR-D-OCR/OCR-D-OCR_0003.xml",

    "cer": 0.05344958301743745,
    "wer": 0.14988290398126464,


    "n_characters": 2638,
    "n_words": 427
}