{
    "gt": "GT-PAGE/justi_abhandlung01_1758_0133.xml",
    "ocr": "OCR-D-OCR/OCR-D-OCR_0003.xml",

    "cer": 0.09768315591734503,
    "wer": 0.15354330708661418,


    "n_characters": 1597,
    "n_words": 254
}