{
    "gt": "GT-PAGE/justi_abhandlung01_1758_0026.xml",
    "ocr": "OCR-D-OCR/OCR-D-OCR_0001.xml",

    "cer": 0.10762800417972831,
    "wer": 0.23809523809523808,


    "n_characters": 957,
    "n_words": 105
}