{
    "gt": "GT-PAGE/justi_abhandlung01_1758_0134.xml",
    "ocr": "OCR-D-OCR/OCR-D-OCR_0004.xml",

    "cer": 0.1411451398135819,
    "wer": 0.23788546255506607,


    "n_characters": 1502,
    "n_words": 227
}