{
    "gt": "GT-PAGE/valentinus_occulta_1603_0005.xml",
    "ocr": "OCR-D-OCR/OCR-D-OCR_0002.xml",

    "cer": 0.08761329305135952,
    "wer": 0.174496644295302,


    "n_characters": 993,
    "n_words": 149
}