{
    "gt": "GT-PAGE/valentinus_occulta_1603_0033.xml",
    "ocr": "OCR-D-OCR/OCR-D-OCR_0006.xml",

    "cer": 0.03864734299516908,
    "wer": 0.07428571428571429,


    "n_characters": 1035,
    "n_words": 175
}