{
    "gt": "GT-PAGE/valentinus_occulta_1603_0006.xml",
    "ocr": "OCR-D-OCR/OCR-D-OCR_0003.xml",

    "cer": 0.1468590831918506,
    "wer": 0.25925925925925924,


    "n_characters": 1178,
    "n_words": 189
}