{
    "gt": "GT-PAGE/valentinus_occulta_1603_0032.xml",
    "ocr": "OCR-D-OCR/OCR-D-OCR_0005.xml",

    "cer": 0.4281524926686217,
    "wer": 0.6416184971098265,


    "n_characters": 1023,
    "n_words": 173
}