{
    "gt": "GT-PAGE/valentinus_occulta_1603_0004.xml",
    "ocr": "OCR-D-OCR/OCR-D-OCR_0001.xml",

    "cer": 0.0546448087431694,
    "wer": 0.13664596273291926,


    "n_characters": 1098,
    "n_words": 161
}