{
    "gt": "GT-PAGE/arnimb_goethe03_1835_0029.xml",
    "ocr": "OCR-D-OCR/OCR-D-OCR_0001.xml",

    "cer": 0.04154863078375826,
    "wer": 0.17989417989417988,


    "n_characters": 1059,
    "n_words": 189
}