{
    "gt": "GT-PAGE/aventinus_grammatica_1515_0007.xml",
    "ocr": "OCR-D-OCR/OCR-D-OCR_0007.xml",

    "cer": 0.4888888888888889,
    "wer": 0.7142857142857143,


    "n_characters": 810,
    "n_words": 126
}