{
    "gt": "GT-PAGE/aventinus_grammatica_1515_0008.xml",
    "ocr": "OCR-D-OCR/OCR-D-OCR_0008.xml",

    "cer": 0.4762886597938144,
    "wer": 0.7239819004524887,


    "n_characters": 1455,
    "n_words": 221
}