{
    "gt": "GT-PAGE/aventinus_grammatica_1515_0006.xml",
    "ocr": "OCR-D-OCR/OCR-D-OCR_0006.xml",

    "cer": 0.06253652834599649,
    "wer": 0.25609756097560976,


    "n_characters": 1711,
    "n_words": 246
}