{
    "gt": "GT-PAGE/clauren_mimil_1815_0023.xml",
    "ocr": "OCR-D-OCR/OCR-D-OCR_0001.xml",

    "cer": 0.6546489563567363,
    "wer": 0.6067415730337079,


    "n_characters": 527,
    "n_words": 89
}