{
    "gt": "GT-PAGE/clauren_mimil_1815_0146.xml",
    "ocr": "OCR-D-OCR/OCR-D-OCR_0009.xml",

    "cer": 0.16666666666666666,
    "wer": 0.21212121212121213,


    "n_characters": 990,
    "n_words": 165
}