{
    "gt": "GT-PAGE/clauren_mimil_1815_0122.xml",
    "ocr": "OCR-D-OCR/OCR-D-OCR_0008.xml",

    "cer": 0.22903629536921152,
    "wer": 0.21641791044776118,


    "n_characters": 799,
    "n_words": 134
}