{
    "gt": "GT-PAGE/clauren_mimil_1815_0040.xml",
    "ocr": "OCR-D-OCR/OCR-D-OCR_0004.xml",

    "cer": 0.5333333333333333,
    "wer": 0.5916666666666667,


    "n_characters": 720,
    "n_words": 120
}