{
    "gt": "GT-PAGE/clauren_mimil_1815_0050.xml",
    "ocr": "OCR-D-OCR/OCR-D-OCR_0007.xml",

    "cer": 0.060445387062566275,
    "wer": 0.05806451612903226,


    "n_characters": 943,
    "n_words": 155
}