{
    "gt": "GT-PAGE/clauren_mimil_1815_0038.xml",
    "ocr": "OCR-D-OCR/OCR-D-OCR_0003.xml",

    "cer": 0.18925831202046037,
    "wer": 0.23809523809523808,


    "n_characters": 782,
    "n_words": 126
}