{
    "gt": "GT-PAGE/clauren_mimil_1815_0043.xml",
    "ocr": "OCR-D-OCR/OCR-D-OCR_0006.xml",

    "cer": 0.19307589880159787,
    "wer": 0.2636363636363636,


    "n_characters": 751,
    "n_words": 110
}