{
    "gt": "GT-PAGE/nn_vertrag_1525_0007.xml",
    "ocr": "OCR-D-OCR/OCR-D-OCR_0002.xml",

    "cer": 0.05955143078112916,
    "wer": 0.17391304347826086,


    "n_characters": 1293,
    "n_words": 184
}