{
    "gt": "GT-PAGE/nn_vertrag_1525_0005.xml",
    "ocr": "OCR-D-OCR/OCR-D-OCR_0001.xml",

    "cer": 0.4482758620689655,
    "wer": 0.7083333333333334,


    "n_characters": 145,
    "n_words": 24
}