{
    "gt": "GT-PAGE/brenz_abentmal_1550_0046.xml",
    "ocr": "OCR-D-OCR/OCR-D-OCR_0003.xml",

    "cer": 0.23666666666666666,
    "wer": 0.42424242424242425,


    "n_characters": 600,
    "n_words": 99
}