{
    "gt": "GT-PAGE/brenz_abentmal_1550_0043.xml",
    "ocr": "OCR-D-OCR/OCR-D-OCR_0002.xml",

    "cer": 0.40789473684210525,
    "wer": 0.6984126984126984,


    "n_characters": 380,
    "n_words": 63
}