{
    "gt": "GT-PAGE/brenz_abentmal_1550_0158.xml",
    "ocr": "OCR-D-OCR/OCR-D-OCR_0004.xml",

    "cer": 0.16473988439306358,
    "wer": 0.5084745762711864,


    "n_characters": 346,
    "n_words": 59
}