{
    "gt": "GT-PAGE/sachs_drey_1553_0010.xml",
    "ocr": "OCR-D-OCR/OCR-D-OCR_0001.xml",

    "cer": 0.23980222496909764,
    "wer": 0.753731343283582,


    "n_characters": 809,
    "n_words": 134
}