{
    "gt": "GT-PAGE/sachs_drey_1553_0011.xml",
    "ocr": "OCR-D-OCR/OCR-D-OCR_0002.xml",

    "cer": 0.21304347826086956,
    "wer": 0.7267080745341615,


    "n_characters": 920,
    "n_words": 161
}