{
    "gt": "GT-PAGE/arnold_ketzerhistorie01_1699_0010.xml",
    "ocr": "OCR-D-OCR/OCR-D-OCR_0001.xml",

    "cer": 0.2204724409448819,
    "wer": 0.46296296296296297,


    "n_characters": 381,
    "n_words": 54
}