{
    "gt": "GT-PAGE/arnold_ketzerhistorie01_1699_0115.xml",
    "ocr": "OCR-D-OCR/OCR-D-OCR_0004.xml",

    "cer": 0.4042202439828553,
    "wer": 0.5697674418604651,


    "n_characters": 6066,
    "n_words": 1032
}