{
    "gt": "GT-PAGE/arnold_ketzerhistorie01_1699_0011.xml",
    "ocr": "OCR-D-OCR/OCR-D-OCR_0002.xml",

    "cer": 0.043047996041563584,
    "wer": 0.10139860139860139,


    "n_characters": 2021,
    "n_words": 286
}