{
    "gt": "GT-PAGE/arnold_ketzerhistorie01_1699_0114.xml",
    "ocr": "OCR-D-OCR/OCR-D-OCR_0003.xml",

    "cer": 0.7336938154782021,
    "wer": 0.9567404426559356,


    "n_characters": 5918,
    "n_words": 994
}