{
    "gt": "GT-PAGE/dannhauer_catechismus10_1673_0108.xml",
    "ocr": "OCR-D-OCR/OCR-D-OCR_0002.xml",

    "cer": 0.06661786237188873,
    "wer": 0.16367713004484305,


    "n_characters": 2732,
    "n_words": 446
}