{
    "gt": "GT-PAGE/dannhauer_catechismus10_1673_0113.xml",
    "ocr": "OCR-D-OCR/OCR-D-OCR_0003.xml",

    "cer": 0.07419354838709677,
    "wer": 0.23129251700680273,


    "n_characters": 1860,
    "n_words": 294
}