{
    "gt": "GT-PAGE/dannhauer_catechismus10_1673_0121.xml",
    "ocr": "OCR-D-OCR/OCR-D-OCR_0004.xml",

    "cer": 0.05933544303797468,
    "wer": 0.16502463054187191,


    "n_characters": 2528,
    "n_words": 406
}