{
    "gt": "GT-PAGE/arnimb_goethe03_1835_0029.xml",
    "ocr": "OCR-D-OCR/OCR-D-OCR_0001.xml",

    "cer": 0.0066100094428706326,
    "wer": 0.015873015873015872,


    "n_characters": 1059,
    "n_words": 189
}