{
    "gt": "GT-PAGE/arnold_ketzerhistorie01_1699_0010.xml",
    "ocr": "OCR-D-OCR/OCR-D-OCR_0001.xml",

    "cer": 0.36220472440944884,
    "wer": 0.7777777777777778,


    "n_characters": 381,
    "n_words": 54
}