{
    "gt": "GT-PAGE/arnold_ketzerhistorie01_1699_0011.xml",
    "ocr": "OCR-D-OCR/OCR-D-OCR_0002.xml",

    "cer": 0.046511627906976744,
    "wer": 0.12237762237762238,


    "n_characters": 2021,
    "n_words": 286
}