{
    "gt": "GT-PAGE/arnold_ketzerhistorie01_1699_0114.xml",
    "ocr": "OCR-D-OCR/OCR-D-OCR_0003.xml",

    "cer": 0.29689084150050693,
    "wer": 0.4215291750503018,


    "n_characters": 5918,
    "n_words": 994
}