{
    "gt": "GT-PAGE/arnold_ketzerhistorie01_1699_0115.xml",
    "ocr": "OCR-D-OCR/OCR-D-OCR_0004.xml",

    "cer": 0.47345862182657433,
    "wer": 0.5445736434108527,


    "n_characters": 6066,
    "n_words": 1032
}