{
    "gt": "GT-PAGE/alberti_pictura_1540_0009.xml",
    "ocr": "OCR-D-OCR/OCR-D-OCR_0009.xml",

    "cer": 0.1653061224489796,
    "wer": 0.43661971830985913,


    "n_characters": 980,
    "n_words": 142
}