{
    "gt": "GT-PAGE/alberti_pictura_1540_0008.xml",
    "ocr": "OCR-D-OCR/OCR-D-OCR_0008.xml",

    "cer": 0.8480243161094225,
    "wer": 0.937888198757764,


    "n_characters": 987,
    "n_words": 161
}