{
    "gt": "GT-PAGE/alberti_pictura_1540_0007.xml",
    "ocr": "OCR-D-OCR/OCR-D-OCR_0007.xml",

    "cer": 0.21632124352331605,
    "wer": 0.6115702479338843,


    "n_characters": 772,
    "n_words": 121
}