{
    "gt": "GT-PAGE/nn_lied_1520_0006.xml",
    "ocr": "OCR-D-OCR/OCR-D-OCR_0006.xml",

    "cer": 0.09408926417370325,
    "wer": 0.20754716981132076,


    "n_characters": 829,
    "n_words": 159
}