{
    "gt": "GT-PAGE/bernd_lebensbeschreibung_1738_0021.xml",
    "ocr": "OCR-D-OCR/OCR-D-OCR_0002.xml",

    "cer": 0.04281345565749235,
    "wer": 0.15178571428571427,


    "n_characters": 654,
    "n_words": 112
}