{
    "gt": "GT-PAGE/bernd_lebensbeschreibung_1738_0007.xml",
    "ocr": "OCR-D-OCR/OCR-D-OCR_0001.xml",

    "cer": 0.1524390243902439,
    "wer": 0.4411764705882353,


    "n_characters": 492,
    "n_words": 68
}