{
    "gt": "GT-PAGE/bernd_lebensbeschreibung_1738_0066.xml",
    "ocr": "OCR-D-OCR/OCR-D-OCR_0003.xml",

    "cer": 0.06880733944954129,
    "wer": 0.17256637168141592,


    "n_characters": 1308,
    "n_words": 226
}