{
    "gt": "GT-PAGE/karlstadt_sermon_1523_0020.xml",
    "ocr": "OCR-D-OCR/OCR-D-OCR_0002.xml",

    "cer": 0.05380710659898477,
    "wer": 0.13119533527696792,


    "n_characters": 1970,
    "n_words": 343
}