{
    "gt": "GT-PAGE/calvi_beutelschneider01_1627_0010.xml",
    "ocr": "OCR-D-OCR/OCR-D-OCR_0001.xml",

    "cer": 0.07075962539021852,
    "wer": 0.15286624203821655,


    "n_characters": 961,
    "n_words": 157
}