{
    "gt": "GT-PAGE/calvi_beutelschneider01_1627_0013.xml",
    "ocr": "OCR-D-OCR/OCR-D-OCR_0002.xml",

    "cer": 0.09195402298850575,
    "wer": 0.2191780821917808,


    "n_characters": 870,
    "n_words": 146
}