{
    "gt": "GT-PAGE/calvi_beutelschneider01_1627_0020.xml",
    "ocr": "OCR-D-OCR/OCR-D-OCR_0003.xml",

    "cer": 0.05454545454545454,
    "wer": 0.0893854748603352,


    "n_characters": 1155,
    "n_words": 179
}