{
    "gt": "GT-PAGE/calvi_beutelschneider01_1627_0013.xml",
    "ocr": "OCR-D-OCR/OCR-D-OCR_0002.xml",

    "cer": 0.21379310344827587,
    "wer": 0.678082191780822,


    "n_characters": 870,
    "n_words": 146
}