{
    "gt": "GT-PAGE/calvi_beutelschneider01_1627_0010.xml",
    "ocr": "OCR-D-OCR/OCR-D-OCR_0001.xml",

    "cer": 0.21436004162330904,
    "wer": 0.6369426751592356,


    "n_characters": 961,
    "n_words": 157
}