{
    "gt": "GT-PAGE/calvi_beutelschneider01_1627_0020.xml",
    "ocr": "OCR-D-OCR/OCR-D-OCR_0003.xml",

    "cer": 0.16883116883116883,
    "wer": 0.5307262569832403,


    "n_characters": 1155,
    "n_words": 179
}