{
    "gt": "GT-PAGE/aepinus_bekentnis_1548_0007.xml",
    "ocr": "OCR-D-OCR/OCR-D-OCR_0002.xml",

    "cer": 0.14477401129943504,
    "wer": 0.24434389140271492,


    "n_characters": 1416,
    "n_words": 221
}