{
    "gt": "GT-PAGE/aepinus_bekentnis_1548_0020.xml",
    "ocr": "OCR-D-OCR/OCR-D-OCR_0003.xml",

    "cer": 0.1484149855907781,
    "wer": 0.33653846153846156,


    "n_characters": 694,
    "n_words": 104
}