{
    "gt": "GT-PAGE/aepinus_bekentnis_1548_0006.xml",
    "ocr": "OCR-D-OCR/OCR-D-OCR_0001.xml",

    "cer": 0.051756007393715345,
    "wer": 0.0851063829787234,


    "n_characters": 1082,
    "n_words": 188
}