{
    "gt": "GT-PAGE/aepinus_bekentnis_1548_0021.xml",
    "ocr": "OCR-D-OCR/OCR-D-OCR_0004.xml",

    "cer": 0.046200607902735565,
    "wer": 0.14339622641509434,


    "n_characters": 1645,
    "n_words": 265
}