{
    "gt": "GT-PAGE/bernd_lebensbeschreibung_1738_0007.xml",
    "ocr": "OCR-D-OCR/OCR-D-OCR_0001.xml",

    "cer": 0.11585365853658537,
    "wer": 0.2647058823529412,


    "n_characters": 492,
    "n_words": 68
}