{
    "gt": "GT-PAGE/bernd_lebensbeschreibung_1738_0021.xml",
    "ocr": "OCR-D-OCR/OCR-D-OCR_0002.xml",

    "cer": 0.04892966360856269,
    "wer": 0.09821428571428571,


    "n_characters": 654,
    "n_words": 112
}