{
    "gt": "GT-PAGE/bernd_lebensbeschreibung_1738_0066.xml",
    "ocr": "OCR-D-OCR/OCR-D-OCR_0003.xml",

    "cer": 0.0045871559633027525,
    "wer": 0.022123893805309734,


    "n_characters": 1308,
    "n_words": 226
}