{
    "gt": "GT-PAGE/valentinus_occulta_1603_0006.xml",
    "ocr": "OCR-D-OCR/OCR-D-OCR_0003.xml",

    "cer": 0.2775891341256367,
    "wer": 0.671957671957672,


    "n_characters": 1178,
    "n_words": 189
}