{
    "gt": "GT-PAGE/valentinus_occulta_1603_0032.xml",
    "ocr": "OCR-D-OCR/OCR-D-OCR_0005.xml",

    "cer": 0.5024437927663734,
    "wer": 0.8728323699421965,


    "n_characters": 1023,
    "n_words": 173
}