{
    "gt": "GT-PAGE/valentinus_occulta_1603_0005.xml",
    "ocr": "OCR-D-OCR/OCR-D-OCR_0002.xml",

    "cer": 0.19838872104733132,
    "wer": 0.5570469798657718,


    "n_characters": 993,
    "n_words": 149
}