{
    "gt": "GT-PAGE/valentinus_occulta_1603_0004.xml",
    "ocr": "OCR-D-OCR/OCR-D-OCR_0001.xml",

    "cer": 0.17122040072859745,
    "wer": 0.6024844720496895,


    "n_characters": 1098,
    "n_words": 161
}