{
    "gt": "GT-PAGE/aepinus_bekentnis_1548_0006.xml",
    "ocr": "OCR-D-OCR/OCR-D-OCR_0001.xml",

    "cer": 0.09057301293900184,
    "wer": 0.34574468085106386,


    "n_characters": 1082,
    "n_words": 188
}