{
    "gt": "GT-PAGE/aepinus_bekentnis_1548_0007.xml",
    "ocr": "OCR-D-OCR/OCR-D-OCR_0002.xml",

    "cer": 0.2612994350282486,
    "wer": 0.5520361990950227,


    "n_characters": 1416,
    "n_words": 221
}