{
    "gt": "GT-PAGE/aepinus_bekentnis_1548_0021.xml",
    "ocr": "OCR-D-OCR/OCR-D-OCR_0004.xml",

    "cer": 0.17750759878419453,
    "wer": 0.38113207547169814,


    "n_characters": 1645,
    "n_words": 265
}