{
    "gt": "GT-PAGE/aepinus_bekentnis_1548_0020.xml",
    "ocr": "OCR-D-OCR/OCR-D-OCR_0003.xml",

    "cer": 0.15273775216138327,
    "wer": 0.49038461538461536,


    "n_characters": 694,
    "n_words": 104
}