{
    "gt": "OCR-D-GT-SEG-PAGE/OCR-D-GT-SEG-PAGE_0001.xml",
    "ocr": "OCR-D-OCR/OCR-D-OCR_0001.xml",

    "cer": 0.06312292358803986,
    "wer": 0.18867924528301888,


    "n_characters": 903,
    "n_words": 159
}