{
    "gt": "OCR-D-GT-SEG-PAGE/OCR-D-GT-SEG-PAGE_0002.xml",
    "ocr": "OCR-D-OCR/OCR-D-OCR_0002.xml",

    "cer": 0.15741935483870967,
    "wer": 0.2158273381294964,


    "n_characters": 775,
    "n_words": 139
}