{
    "gt": "GT-PAGE/glauber_opera01_1658_0078.xml",
    "ocr": "OCR-D-OCR/OCR-D-OCR_0006.xml",

    "cer": 0.11380880121396054,
    "wer": 0.4624505928853755,


    "n_characters": 3295,
    "n_words": 506
}