{
    "gt": "GT-PAGE/glauber_opera01_1658_0072.xml",
    "ocr": "OCR-D-OCR/OCR-D-OCR_0005.xml",

    "cer": 0.10335386721423682,
    "wer": 0.33186813186813185,


    "n_characters": 2922,
    "n_words": 455
}