{
    "gt": "GT-PAGE/glauber_opera01_1658_0009.xml",
    "ocr": "OCR-D-OCR/OCR-D-OCR_0002.xml",

    "cer": 0.15033301617507136,
    "wer": 0.38819875776397517,


    "n_characters": 2102,
    "n_words": 322
}