{
    "gt": "GT-PAGE/glauber_opera01_1658_0007.xml",
    "ocr": "OCR-D-OCR/OCR-D-OCR_0001.xml",

    "cer": 0.7891832229580574,
    "wer": 0.9586466165413534,


    "n_characters": 1812,
    "n_words": 266
}