{
    "gt": "GT-PAGE/glauber_opera01_1658_0029.xml",
    "ocr": "OCR-D-OCR/OCR-D-OCR_0003.xml",

    "cer": 0.15797207935341662,
    "wer": 0.5888324873096447,


    "n_characters": 1361,
    "n_words": 197
}