{
    "gt": "GT-PAGE/pinder_epiphanie_1506_0041.xml",
    "ocr": "OCR-D-OCR/OCR-D-OCR_0003.xml",

    "cer": 0.06608695652173913,
    "wer": 0.260233918128655,


    "n_characters": 2300,
    "n_words": 342
}