{
    "gt": "GT-PAGE/pinder_epiphanie_1506_0009.xml",
    "ocr": "OCR-D-OCR/OCR-D-OCR_0001.xml",

    "cer": 0.24587458745874588,
    "wer": 0.4358108108108108,


    "n_characters": 1818,
    "n_words": 296
}