{
    "gt": "GT-PAGE/pinder_epiphanie_1506_0045.xml",
    "ocr": "OCR-D-OCR/OCR-D-OCR_0004.xml",

    "cer": 0.058823529411764705,
    "wer": 0.23076923076923078,


    "n_characters": 2414,
    "n_words": 364
}