{
    "gt": "GT-PAGE/pinder_epiphanie_1506_0010.xml",
    "ocr": "OCR-D-OCR/OCR-D-OCR_0002.xml",

    "cer": 0.16989634970707526,
    "wer": 0.41954022988505746,


    "n_characters": 2219,
    "n_words": 348
}