{
    "gt": "GT-PAGE/schiller_raeuber_1781_0024.xml",
    "ocr": "OCR-D-OCR/OCR-D-OCR_0002.xml",

    "cer": 0.01506276150627615,
    "wer": 0.05314009661835749,


    "n_characters": 1195,
    "n_words": 207
}