{
    "gt": "OCR-D-GT-SEG-PAGE/OCR-D-GT-SEG-PAGE_0004.xml",
    "ocr": "OCR-D-OCR/OCR-D-OCR_0004.xml",

    "cer": 0.19620774938169827,
    "wer": 0.3181818181818182,


    "n_characters": 1213,
    "n_words": 198
}