{
    "gt": "OCR-D-GT-SEG-PAGE/OCR-D-GT-SEG-PAGE_0003.xml",
    "ocr": "OCR-D-OCR/OCR-D-OCR_0003.xml",

    "cer": 0.020763187429854096,
    "wer": 0.07719298245614035,


    "n_characters": 1782,
    "n_words": 285
}