{
    "gt": "OCR-D-GT-SEG-PAGE/OCR-D-GT-SEG-PAGE_0001.xml",
    "ocr": "OCR-D-OCR/OCR-D-OCR_0001.xml",

    "cer": 0.06035665294924554,
    "wer": 0.11403508771929824,


    "n_characters": 729,
    "n_words": 114
}