{
    "gt": "OCR-D-GT-SEG-PAGE/OCR-D-GT-SEG-PAGE_0002.xml",
    "ocr": "OCR-D-OCR/OCR-D-OCR_0002.xml",

    "cer": 0.1143661971830986,
    "wer": 0.15602836879432624,


    "n_characters": 1775,
    "n_words": 282
}