{
    "gt": "OCR-D-GT-SEG-PAGE/OCR-D-GT-SEG-PAGE_0002.xml",
    "ocr": "OCR-D-OCR/OCR-D-OCR_0002.xml",

    "cer": 0.11581920903954802,
    "wer": 0.3509933774834437,


    "n_characters": 1062,
    "n_words": 151
}