{
    "gt": "OCR-D-GT-SEG-PAGE/OCR-D-GT-SEG-PAGE_0003.xml",
    "ocr": "OCR-D-OCR/OCR-D-OCR_0003.xml",

    "cer": 0.056103108415466264,
    "wer": 0.15690866510538642,


    "n_characters": 2638,
    "n_words": 427
}