{
    "gt": "OCR-D-GT-SEG-PAGE/OCR-D-GT-SEG-PAGE_0004.xml",
    "ocr": "OCR-D-OCR/OCR-D-OCR_0004.xml",

    "cer": 0.05269461077844311,
    "wer": 0.1417910447761194,


    "n_characters": 2505,
    "n_words": 402
}