{
    "gt": "GT-PAGE/nn_lied_1515_0006.xml",
    "ocr": "OCR-D-OCR/OCR-D-OCR_0006.xml",

    "cer": 0.18518518518518517,
    "wer": 0.48404255319148937,


    "n_characters": 999,
    "n_words": 188
}