{
    "gt": "GT-PAGE/buerger_gedichte_1778_0039.xml",
    "ocr": "OCR-D-OCR/OCR-D-OCR_0001.xml",

    "cer": 0.3029637760702525,
    "wer": 0.5294117647058824,


    "n_characters": 911,
    "n_words": 136
}