{
    "gt": "GT-PAGE/buerger_gedichte_1778_0066.xml",
    "ocr": "OCR-D-OCR/OCR-D-OCR_0002.xml",

    "cer": 0.04932735426008968,
    "wer": 0.1891891891891892,


    "n_characters": 223,
    "n_words": 37
}