{
    "gt": "GT-PAGE/heyden_paedono_1548_0014.xml",
    "ocr": "OCR-D-OCR/OCR-D-OCR_0014.xml",

    "cer": 0.037037037037037035,
    "wer": 0.11864406779661017,


    "n_characters": 810,
    "n_words": 118
}