{
    "gt": "GT-PAGE/heyden_paedono_1548_0007.xml",
    "ocr": "OCR-D-OCR/OCR-D-OCR_0007.xml",

    "cer": 0.07261724659606657,
    "wer": 0.22641509433962265,


    "n_characters": 661,
    "n_words": 106
}