{
    "gt": "GT-PAGE/heyden_paedono_1548_0013.xml",
    "ocr": "OCR-D-OCR/OCR-D-OCR_0013.xml",

    "cer": 0.0755813953488372,
    "wer": 0.24271844660194175,


    "n_characters": 688,
    "n_words": 103
}