{
    "gt": "GT-PAGE/laube_europa0202_1837_0105.xml",
    "ocr": "OCR-D-OCR/OCR-D-OCR_0003.xml",

    "cer": 0.04395604395604396,
    "wer": 0.039473684210526314,


    "n_characters": 910,
    "n_words": 152
}