{
    "gt": "GT-PAGE/laube_europa0202_1837_0006.xml",
    "ocr": "OCR-D-OCR/OCR-D-OCR_0001.xml",

    "cer": 0.20279720279720279,
    "wer": 0.3333333333333333,


    "n_characters": 143,
    "n_words": 21
}