{
    "gt": "GT-PAGE/bebel_frau_1879_0176.xml",
    "ocr": "OCR-D-OCR/OCR-D-OCR_0003.xml",

    "cer": 0.1638539429272783,
    "wer": 0.20084566596194503,


    "n_characters": 3259,
    "n_words": 473
}