{
    "gt": "GT-PAGE/bebel_frau_1879_0146.xml",
    "ocr": "OCR-D-OCR/OCR-D-OCR_0001.xml",

    "cer": 0.0997048212528698,
    "wer": 0.1188118811881188,


    "n_characters": 3049,
    "n_words": 404
}