{
    "gt": "GT-PAGE/bebel_frau_1879_0168.xml",
    "ocr": "OCR-D-OCR/OCR-D-OCR_0002.xml",

    "cer": 0.10896403650026838,
    "wer": 0.16666666666666666,


    "n_characters": 3726,
    "n_words": 546
}