{
    "gt": "OCR-D-GT-SEG-PAGE/OCR-D-GT-SEG-PAGE_0001.xml",
    "ocr": "OCR-D-OCR/OCR-D-OCR_0001.xml",

    "cer": 0.116751269035533,
    "wer": 0.233201581027668,


    "n_characters": 1576,
    "n_words": 253
}