{
    "gt": "OCR-D-GT-SEG-PAGE/OCR-D-GT-SEG-PAGE_0003.xml",
    "ocr": "OCR-D-OCR/OCR-D-OCR_0003.xml",

    "cer": 0.47719762062128224,
    "wer": 0.6238938053097345,


    "n_characters": 1513,
    "n_words": 226
}