{
    "gt": "OCR-D-GT-SEG-PAGE/OCR-D-GT-SEG-PAGE_0004.xml",
    "ocr": "OCR-D-OCR/OCR-D-OCR_0004.xml",

    "cer": 0.13613550815558345,
    "wer": 0.2988929889298893,


    "n_characters": 1594,
    "n_words": 271
}