{
    "gt": "OCR-D-GT-SEG-PAGE/OCR-D-GT-SEG-PAGE_0002.xml",
    "ocr": "OCR-D-OCR/OCR-D-OCR_0002.xml",

    "cer": 0.06170212765957447,
    "wer": 0.09742120343839542,


    "n_characters": 2350,
    "n_words": 349
}