{
    "gt": "GT-PAGE/kistler_kraeuter_1500_0007.xml",
    "ocr": "OCR-D-OCR/OCR-D-OCR_0007.xml",

    "cer": 0.06255144032921811,
    "wer": 0.3106796116504854,


    "n_characters": 1215,
    "n_words": 206
}