{
    "gt": "GT-PAGE/nn_mirabilia_1500_0087.xml",
    "ocr": "OCR-D-OCR/OCR-D-OCR_0003.xml",

    "cer": 0.08787878787878788,
    "wer": 0.3717277486910995,


    "n_characters": 990,
    "n_words": 191
}