{
    "gt": "GT-PAGE/nn_mirabilia_1500_0009.xml",
    "ocr": "OCR-D-OCR/OCR-D-OCR_0001.xml",

    "cer": 0.2359249329758713,
    "wer": 0.5070422535211268,


    "n_characters": 373,
    "n_words": 71
}