{
    "gt": "GT-PAGE/nn_mirabilia_1500_0019.xml",
    "ocr": "OCR-D-OCR/OCR-D-OCR_0002.xml",

    "cer": 0.06097560975609756,
    "wer": 0.27717391304347827,


    "n_characters": 984,
    "n_words": 184
}