{
    "gt": "GT-PAGE/clauren_mimil_1815_0043.xml",
    "ocr": "OCR-D-OCR/OCR-D-OCR_0006.xml",

    "cer": 0.23834886817576564,
    "wer": 0.43636363636363634,


    "n_characters": 751,
    "n_words": 110
}