{
    "gt": "GT-PAGE/clauren_mimil_1815_0146.xml",
    "ocr": "OCR-D-OCR/OCR-D-OCR_0009.xml",

    "cer": 0.24646464646464647,
    "wer": 0.48484848484848486,


    "n_characters": 990,
    "n_words": 165
}