{
    "gt": "GT-PAGE/clauren_mimil_1815_0031.xml",
    "ocr": "OCR-D-OCR/OCR-D-OCR_0002.xml",

    "cer": 0.2112482853223594,
    "wer": 0.4051724137931034,


    "n_characters": 729,
    "n_words": 116
}