{
    "gt": "GT-PAGE/clauren_mimil_1815_0023.xml",
    "ocr": "OCR-D-OCR/OCR-D-OCR_0001.xml",

    "cer": 0.7172675521821632,
    "wer": 0.9775280898876404,


    "n_characters": 527,
    "n_words": 89
}