{
    "gt": "GT-PAGE/clauren_mimil_1815_0041.xml",
    "ocr": "OCR-D-OCR/OCR-D-OCR_0005.xml",

    "cer": 0.3065217391304348,
    "wer": 0.5333333333333333,


    "n_characters": 920,
    "n_words": 150
}