{
    "gt": "GT-PAGE/clauren_mimil_1815_0038.xml",
    "ocr": "OCR-D-OCR/OCR-D-OCR_0003.xml",

    "cer": 0.2340153452685422,
    "wer": 0.4444444444444444,


    "n_characters": 782,
    "n_words": 126
}