{
    "gt": "GT-PAGE/clauren_mimil_1815_0122.xml",
    "ocr": "OCR-D-OCR/OCR-D-OCR_0008.xml",

    "cer": 0.28660826032540676,
    "wer": 0.43283582089552236,


    "n_characters": 799,
    "n_words": 134
}