{
    "gt": "GT-PAGE/clauren_mimil_1815_0050.xml",
    "ocr": "OCR-D-OCR/OCR-D-OCR_0007.xml",

    "cer": 0.13361611876988336,
    "wer": 0.36129032258064514,


    "n_characters": 943,
    "n_words": 155
}