{
    "gt": "GT-PAGE/kistler_kraeuter_1500_0007.xml",
    "ocr": "OCR-D-OCR/OCR-D-OCR_0007.xml",

    "cer": 0.22551440329218106,
    "wer": 0.4223300970873786,


    "n_characters": 1215,
    "n_words": 206
}