{
    "gt": "GT-PAGE/schiller_raeuber_1781_0009.xml",
    "ocr": "OCR-D-OCR/OCR-D-OCR_0001.xml",

    "cer": 0.18491484184914841,
    "wer": 0.28846153846153844,


    "n_characters": 411,
    "n_words": 52
}