{
    "gt": "GT-PAGE/schiller_raeuber_1781_0024.xml",
    "ocr": "OCR-D-OCR/OCR-D-OCR_0002.xml",

    "cer": 0.02594142259414226,
    "wer": 0.07246376811594203,


    "n_characters": 1195,
    "n_words": 207
}