{
    "gt": "GT-PAGE/luther_babstum_1526_0010.xml",
    "ocr": "OCR-D-OCR/OCR-D-OCR_0010.xml",

    "cer": 0.05410628019323672,
    "wer": 0.1711229946524064,


    "n_characters": 1035,
    "n_words": 187
}