{
    "gt": "GT-PAGE/luther_babstum_1526_0011.xml",
    "ocr": "OCR-D-OCR/OCR-D-OCR_0011.xml",

    "cer": 0.1097972972972973,
    "wer": 0.17142857142857143,


    "n_characters": 592,
    "n_words": 105
}