{
    "gt": "GT-PAGE/dannhauer_catechismus10_1673_0121.xml",
    "ocr": "OCR-D-OCR/OCR-D-OCR_0004.xml",

    "cer": 0.18670886075949367,
    "wer": 0.5049261083743842,


    "n_characters": 2528,
    "n_words": 406
}