{
    "gt": "GT-PAGE/dannhauer_catechismus10_1673_0016.xml",
    "ocr": "OCR-D-OCR/OCR-D-OCR_0001.xml",

    "cer": 0.18961625282167044,
    "wer": 0.5566666666666666,


    "n_characters": 1772,
    "n_words": 300
}