{
    "gt": "GT-PAGE/dannhauer_catechismus10_1673_0108.xml",
    "ocr": "OCR-D-OCR/OCR-D-OCR_0002.xml",

    "cer": 0.1903367496339678,
    "wer": 0.5067264573991032,


    "n_characters": 2732,
    "n_words": 446
}