{
    "gt": "GT-PAGE/dannhauer_catechismus10_1673_0113.xml",
    "ocr": "OCR-D-OCR/OCR-D-OCR_0003.xml",

    "cer": 0.19623655913978494,
    "wer": 0.564625850340136,


    "n_characters": 1860,
    "n_words": 294
}