{
    "gt": "GT-PAGE/alberti_pictura_1540_0007.xml",
    "ocr": "OCR-D-OCR/OCR-D-OCR_0007.xml",

    "cer": 0.12953367875647667,
    "wer": 0.5371900826446281,


    "n_characters": 772,
    "n_words": 121
}