{
    "gt": "GT-PAGE/alberti_pictura_1540_0009.xml",
    "ocr": "OCR-D-OCR/OCR-D-OCR_0009.xml",

    "cer": 0.19693877551020408,
    "wer": 0.5140845070422535,


    "n_characters": 980,
    "n_words": 142
}