{
    "gt": "GT-PAGE/alberti_pictura_1540_0008.xml",
    "ocr": "OCR-D-OCR/OCR-D-OCR_0008.xml",

    "cer": 0.17325227963525835,
    "wer": 0.5403726708074534,


    "n_characters": 987,
    "n_words": 161
}