{
    "gt": "GT-PAGE/bebel_frau_1879_0186.xml",
    "ocr": "OCR-D-OCR/OCR-D-OCR_0004.xml",

    "cer": 0.002380952380952381,
    "wer": 0.016666666666666666,


    "n_characters": 420,
    "n_words": 60
}