{
    "gt": "GT-PAGE/bebel_frau_1879_0146.xml",
    "ocr": "OCR-D-OCR/OCR-D-OCR_0001.xml",

    "cer": 0.09544112823876681,
    "wer": 0.09158415841584158,


    "n_characters": 3049,
    "n_words": 404
}