{
    "gt": "GT-PAGE/bebel_frau_1879_0168.xml",
    "ocr": "OCR-D-OCR/OCR-D-OCR_0002.xml",

    "cer": 0.10386473429951691,
    "wer": 0.1336996336996337,


    "n_characters": 3726,
    "n_words": 546
}