{
    "gt": "GT-PAGE/bebel_frau_1879_0176.xml",
    "ocr": "OCR-D-OCR/OCR-D-OCR_0003.xml",

    "cer": 0.15648972077324333,
    "wer": 0.17124735729386892,


    "n_characters": 3259,
    "n_words": 473
}