{
    "gt": "GT-PAGE/luz_blitz_1784_0027.xml",
    "ocr": "OCR-D-OCR/OCR-D-OCR_0004.xml",

    "cer": 0.007462686567164179,
    "wer": 0.038910505836575876,


    "n_characters": 1742,
    "n_words": 257
}