{
    "gt": "GT-PAGE/luz_blitz_1784_0009.xml",
    "ocr": "OCR-D-OCR/OCR-D-OCR_0002.xml",

    "cer": 0.01555023923444976,
    "wer": 0.06086956521739131,


    "n_characters": 836,
    "n_words": 115
}