{
    "gt": "GT-PAGE/luz_blitz_1784_0007.xml",
    "ocr": "OCR-D-OCR/OCR-D-OCR_0001.xml",

    "cer": 0.21561338289962825,
    "wer": 0.20512820512820512,


    "n_characters": 269,
    "n_words": 39
}