{
    "gt": "GT-PAGE/luz_blitz_1784_0020.xml",
    "ocr": "OCR-D-OCR/OCR-D-OCR_0003.xml",

    "cer": 0.01852958756724447,
    "wer": 0.05660377358490566,


    "n_characters": 1673,
    "n_words": 265
}