{
    "gt": "GT-PAGE/weigel_gnothi02_1618_0003.xml",
    "ocr": "OCR-D-OCR/OCR-D-OCR_0001.xml",

    "cer": 0.18149466192170818,
    "wer": 0.3958333333333333,


    "n_characters": 1124,
    "n_words": 192
}