{
    "gt": "GT-PAGE/weigel_gnothi02_1618_0004.xml",
    "ocr": "OCR-D-OCR/OCR-D-OCR_0002.xml",

    "cer": 0.07512953367875648,
    "wer": 0.17391304347826086,


    "n_characters": 1544,
    "n_words": 253
}