{
    "gt": "GT-PAGE/weigel_gnothi02_1618_0016.xml",
    "ocr": "OCR-D-OCR/OCR-D-OCR_0003.xml",

    "cer": 0.08659217877094973,
    "wer": 0.16201117318435754,


    "n_characters": 1432,
    "n_words": 179
}