{
    "gt": "GT-PAGE/weigel_gnothi02_1618_0112.xml",
    "ocr": "OCR-D-OCR/OCR-D-OCR_0004.xml",

    "cer": 0.10013717421124829,
    "wer": 0.16666666666666666,


    "n_characters": 1458,
    "n_words": 234
}