{
    "gt": "GT-PAGE/reinkingk_policey_1653_0017.xml",
    "ocr": "OCR-D-OCR/OCR-D-OCR_0002.xml",

    "cer": 0.23681257014590348,
    "wer": 0.36619718309859156,


    "n_characters": 1782,
    "n_words": 284
}