{
    "gt": "GT-PAGE/reinkingk_policey_1653_0016.xml",
    "ocr": "OCR-D-OCR/OCR-D-OCR_0001.xml",

    "cer": 0.20568816658202133,
    "wer": 0.37800687285223367,


    "n_characters": 1969,
    "n_words": 291
}