{
    "gt": "GT-PAGE/reinkingk_policey_1653_0139.xml",
    "ocr": "OCR-D-OCR/OCR-D-OCR_0003.xml",

    "cer": 0.05068574836016696,
    "wer": 0.11764705882352941,


    "n_characters": 1677,
    "n_words": 272
}