{
    "gt": "GT-PAGE/nn_lied_1515_0006.xml",
    "ocr": "OCR-D-OCR/OCR-D-OCR_0006.xml",

    "cer": 0.062062062062062065,
    "wer": 0.15425531914893617,


    "n_characters": 999,
    "n_words": 188
}