{
    "gt": "GT-PAGE/luther_auszlegunge_1520_0003.xml",
    "ocr": "OCR-D-OCR/OCR-D-OCR_0003.xml",

    "cer": 0.39532093581283745,
    "wer": 0.451505016722408,


    "n_characters": 1667,
    "n_words": 299
}