{
    "gt": "GT-PAGE/luther_auszlegunge_1520_0029.xml",
    "ocr": "OCR-D-OCR/OCR-D-OCR_0029.xml",

    "cer": 0.07784911717495988,
    "wer": 0.2488479262672811,


    "n_characters": 1246,
    "n_words": 217
}