{
    "gt": "OCR-D-GT-SEG-PAGE/OCR-D-GT-SEG-PAGE_0001.xml",
    "ocr": "OCR-D-OCR/OCR-D-OCR_0001.xml",

    "cer": 0.19098984771573604,
    "wer": 0.541501976284585,


    "n_characters": 1576,
    "n_words": 253
}