{
    "gt": "OCR-D-GT-SEG-PAGE/OCR-D-GT-SEG-PAGE_0004.xml",
    "ocr": "OCR-D-OCR/OCR-D-OCR_0004.xml",

    "cer": 0.7208281053952321,
    "wer": 0.9261992619926199,


    "n_characters": 1594,
    "n_words": 271
}