{
    "gt": "OCR-D-GT-SEG-PAGE/OCR-D-GT-SEG-PAGE_0003.xml",
    "ocr": "OCR-D-OCR/OCR-D-OCR_0003.xml",

    "cer": 0.5386649041639128,
    "wer": 0.8362831858407079,


    "n_characters": 1513,
    "n_words": 226
}