{
    "gt": "OCR-D-GT-SEG-PAGE/OCR-D-GT-SEG-PAGE_0002.xml",
    "ocr": "OCR-D-OCR/OCR-D-OCR_0002.xml",

    "cer": 0.2251063829787234,
    "wer": 0.6189111747851003,


    "n_characters": 2350,
    "n_words": 349
}