{
    "gt": "GT-PAGE/luther_babstum_1526_0011.xml",
    "ocr": "OCR-D-OCR/OCR-D-OCR_0011.xml",

    "cer": 0.12162162162162163,
    "wer": 0.3047619047619048,


    "n_characters": 592,
    "n_words": 105
}