{
    "gt": "GT-PAGE/luther_babstum_1526_0010.xml",
    "ocr": "OCR-D-OCR/OCR-D-OCR_0010.xml",

    "cer": 0.06570048309178744,
    "wer": 0.24064171122994651,


    "n_characters": 1035,
    "n_words": 187
}