{
    "gt": "GT-PAGE/petrarca_psalmi_1506_0010.xml",
    "ocr": "OCR-D-OCR/OCR-D-OCR_0010.xml",

    "cer": 0.07669263031755542,
    "wer": 0.3070539419087137,


    "n_characters": 1669,
    "n_words": 241
}