{
    "gt": "GT-PAGE/petrarca_psalmi_1506_0016.xml",
    "ocr": "OCR-D-OCR/OCR-D-OCR_0016.xml",

    "cer": 0.27848101265822783,
    "wer": 0.7727272727272727,


    "n_characters": 158,
    "n_words": 22
}