{
    "gt": "OCR-D-GT-SEG-PAGE/OCR-D-GT-SEG-PAGE_0001.xml",
    "ocr": "OCR-D-OCR/OCR-D-OCR_0001.xml",

    "cer": 0.16124661246612465,
    "wer": 0.5564516129032258,


    "n_characters": 738,
    "n_words": 124
}