{
    "gt": "OCR-D-GT-SEG-PAGE/OCR-D-GT-SEG-PAGE_0002.xml",
    "ocr": "OCR-D-OCR/OCR-D-OCR_0002.xml",

    "cer": 0.15667074663402691,
    "wer": 0.4066666666666667,


    "n_characters": 817,
    "n_words": 150
}