{
    "gt": "GT-PAGE/lohenstein_agrippina_1665_0019.xml",
    "ocr": "OCR-D-OCR/OCR-D-OCR_0002.xml",

    "cer": 0.11649580615097857,
    "wer": 0.21808510638297873,


    "n_characters": 1073,
    "n_words": 188
}