{
    "gt": "GT-PAGE/lohenstein_agrippina_1665_0018.xml",
    "ocr": "OCR-D-OCR/OCR-D-OCR_0001.xml",

    "cer": 0.12575888985255854,
    "wer": 0.26582278481012656,


    "n_characters": 1153,
    "n_words": 158
}