{
    "gt": "GT-PAGE/lohenstein_agrippina_1665_0121.xml",
    "ocr": "OCR-D-OCR/OCR-D-OCR_0003.xml",

    "cer": 0.16501650165016502,
    "wer": 0.2423076923076923,


    "n_characters": 1515,
    "n_words": 260
}