{
    "gt": "GT-PAGE/basilius_legendi_1515_0023.xml",
    "ocr": "OCR-D-OCR/OCR-D-OCR_0003.xml",

    "cer": 0.15156794425087108,
    "wer": 0.30526315789473685,


    "n_characters": 574,
    "n_words": 95
}