{
    "gt": "GT-PAGE/basilius_legendi_1515_0008.xml",
    "ocr": "OCR-D-OCR/OCR-D-OCR_0002.xml",

    "cer": 0.07877330126277811,
    "wer": 0.26591760299625467,


    "n_characters": 1663,
    "n_words": 267
}