{
    "gt": "OCR-D-GT-SEG-PAGE/OCR-D-GT-SEG-PAGE_0002.xml",
    "ocr": "OCR-D-OCR/OCR-D-OCR_0002.xml",

    "cer": 0.2401129943502825,
    "wer": 0.5562913907284768,


    "n_characters": 1062,
    "n_words": 151
}