{
    "gt": "OCR-D-GT-SEG-PAGE/OCR-D-GT-SEG-PAGE_0004.xml",
    "ocr": "OCR-D-OCR/OCR-D-OCR_0004.xml",

    "cer": 0.06187624750499002,
    "wer": 0.10696517412935323,


    "n_characters": 2505,
    "n_words": 402
}