{
    "gt": "OCR-D-GT-SEG-PAGE/OCR-D-GT-SEG-PAGE_0003.xml",
    "ocr": "OCR-D-OCR/OCR-D-OCR_0003.xml",

    "cer": 0.045109931766489766,
    "wer": 0.06088992974238876,


    "n_characters": 2638,
    "n_words": 427
}