{
    "gt": "GT-PAGE/blumenbach_anatomie_1805_0049.xml",
    "ocr": "OCR-D-OCR/OCR-D-OCR_0003.xml",

    "cer": 0.1252927400468384,
    "wer": 0.26717557251908397,


    "n_characters": 854,
    "n_words": 131
}