{
    "gt": "GT-PAGE/blumenbach_anatomie_1805_0048.xml",
    "ocr": "OCR-D-OCR/OCR-D-OCR_0002.xml",

    "cer": 0.052294557097118465,
    "wer": 0.0962962962962963,


    "n_characters": 937,
    "n_words": 135
}