{
    "gt": "GT-PAGE/ballenstedt_delatio_1777_00010.xml",
    "ocr": "OCR-D-OCR/OCR-D-OCR_00010.xml",

    "cer": 0.05042918454935622,
    "wer": 0.16731517509727625,


    "n_characters": 1864,
    "n_words": 257
}