{
    "gt": "GT-PAGE/ballenstedt_delatio_1777_00003.xml",
    "ocr": "OCR-D-OCR/OCR-D-OCR_00003.xml",

    "cer": 0.01718213058419244,
    "wer": 0.09282700421940929,


    "n_characters": 1746,
    "n_words": 237
}