{
    "gt": "OCR-D-GT-SEG-PAGE/OCR-D-GT-SEG-PAGE_0001.xml",
    "ocr": "OCR-D-OCR/OCR-D-OCR_0001.xml",

    "cer": 0.17421124828532236,
    "wer": 0.5526315789473685,


    "n_characters": 729,
    "n_words": 114
}