{
    "gt": "OCR-D-GT-SEG-PAGE/OCR-D-GT-SEG-PAGE_0004.xml",
    "ocr": "OCR-D-OCR/OCR-D-OCR_0004.xml",

    "cer": 0.2893652102225886,
    "wer": 0.6313131313131313,


    "n_characters": 1213,
    "n_words": 198
}