{
    "gt": "OCR-D-GT-SEG-PAGE/OCR-D-GT-SEG-PAGE_0003.xml",
    "ocr": "OCR-D-OCR/OCR-D-OCR_0003.xml",

    "cer": 0.11840628507295174,
    "wer": 0.41754385964912283,


    "n_characters": 1782,
    "n_words": 285
}