{
    "gt": "OCR-D-GT-SEG-PAGE/OCR-D-GT-SEG-PAGE_0002.xml",
    "ocr": "OCR-D-OCR/OCR-D-OCR_0002.xml",

    "cer": 0.22535211267605634,
    "wer": 0.524822695035461,


    "n_characters": 1775,
    "n_words": 282
}