{
    "gt": "OCR-D-GT-SEG-PAGE/OCR-D-GT-SEG-PAGE_0002.xml",
    "ocr": "OCR-D-OCR/OCR-D-OCR_0002.xml",

    "cer": 0.7567129212470716,
    "wer": 0.9173272933182333,


    "n_characters": 5549,
    "n_words": 883
}