{
    "gt": "OCR-D-GT-SEG-PAGE/OCR-D-GT-SEG-PAGE_0001.xml",
    "ocr": "OCR-D-OCR/OCR-D-OCR_0001.xml",

    "cer": 0.03246955978769903,
    "wer": 0.05672268907563025,


    "n_characters": 3203,
    "n_words": 476
}