{
    "gt": "GT-PAGE/basilius_legendi_1515_0023.xml",
    "ocr": "OCR-D-OCR/OCR-D-OCR_0003.xml",

    "cer": 0.25261324041811845,
    "wer": 0.6842105263157895,


    "n_characters": 574,
    "n_words": 95
}