{
    "gt": "GT-PAGE/basilius_legendi_1515_0008.xml",
    "ocr": "OCR-D-OCR/OCR-D-OCR_0002.xml",

    "cer": 0.2549609140108238,
    "wer": 0.7565543071161048,


    "n_characters": 1663,
    "n_words": 267
}