{
    "gt": "GT-PAGE/clauren_mimil_1815_0038.xml",
    "ocr": "OCR-D-OCR/OCR-D-OCR_0003.xml",

    "cer": 0.22122762148337596,
    "wer": 0.35714285714285715,


    "n_characters": 782,
    "n_words": 126
}