{
    "gt": "GT-PAGE/clauren_mimil_1815_0146.xml",
    "ocr": "OCR-D-OCR/OCR-D-OCR_0009.xml",

    "cer": 0.20303030303030303,
    "wer": 0.34545454545454546,


    "n_characters": 990,
    "n_words": 165
}