{
    "gt": "GT-PAGE/clauren_mimil_1815_0050.xml",
    "ocr": "OCR-D-OCR/OCR-D-OCR_0007.xml",

    "cer": 0.08907741251325557,
    "wer": 0.1935483870967742,


    "n_characters": 943,
    "n_words": 155
}