{
    "gt": "GT-PAGE/clauren_mimil_1815_0040.xml",
    "ocr": "OCR-D-OCR/OCR-D-OCR_0004.xml",

    "cer": 0.5833333333333334,
    "wer": 0.7583333333333333,


    "n_characters": 720,
    "n_words": 120
}