{
    "gt": "GT-PAGE/clauren_mimil_1815_0023.xml",
    "ocr": "OCR-D-OCR/OCR-D-OCR_0001.xml",

    "cer": 0.7001897533206831,
    "wer": 0.8764044943820225,


    "n_characters": 527,
    "n_words": 89
}