{
    "gt": "GT-PAGE/clauren_mimil_1815_0122.xml",
    "ocr": "OCR-D-OCR/OCR-D-OCR_0008.xml",

    "cer": 0.2828535669586984,
    "wer": 0.417910447761194,


    "n_characters": 799,
    "n_words": 134
}