{
    "gt": "GT-PAGE/clauren_mimil_1815_0041.xml",
    "ocr": "OCR-D-OCR/OCR-D-OCR_0005.xml",

    "cer": 0.27717391304347827,
    "wer": 0.44666666666666666,


    "n_characters": 920,
    "n_words": 150
}