{
    "gt": "GT-PAGE/luz_blitz_1784_0007.xml",
    "ocr": "OCR-D-OCR/OCR-D-OCR_0001.xml",

    "cer": 0.08550185873605948,
    "wer": 0.3076923076923077,


    "n_characters": 269,
    "n_words": 39
}