{
    "gt": "GT-PAGE/luz_blitz_1784_0020.xml",
    "ocr": "OCR-D-OCR/OCR-D-OCR_0003.xml",

    "cer": 0.06814106395696354,
    "wer": 0.24150943396226415,


    "n_characters": 1673,
    "n_words": 265
}