{
    "gt": "GT-PAGE/luz_blitz_1784_0027.xml",
    "ocr": "OCR-D-OCR/OCR-D-OCR_0004.xml",

    "cer": 0.04535017221584386,
    "wer": 0.15953307392996108,


    "n_characters": 1742,
    "n_words": 257
}