{
    "gt": "GT-PAGE/luz_blitz_1784_0009.xml",
    "ocr": "OCR-D-OCR/OCR-D-OCR_0002.xml",

    "cer": 0.05263157894736842,
    "wer": 0.1826086956521739,


    "n_characters": 836,
    "n_words": 115
}