{
    "gt": "GT-PAGE/buerger_gedichte_1778_0066.xml",
    "ocr": "OCR-D-OCR/OCR-D-OCR_0002.xml",

    "cer": 0.07174887892376682,
    "wer": 0.16216216216216217,


    "n_characters": 223,
    "n_words": 37
}