{
    "gt": "GT-PAGE/sachs_drey_1553_0011.xml",
    "ocr": "OCR-D-OCR/OCR-D-OCR_0002.xml",

    "cer": 0.1391304347826087,
    "wer": 0.6956521739130435,


    "n_characters": 920,
    "n_words": 161
}