{
    "gt": "OCR-D-GT-SEG-PAGE/OCR-D-GT-SEG-PAGE_0002.xml",
    "ocr": "OCR-D-OCR/OCR-D-OCR_0002.xml",

    "cer": 0.0696774193548387,
    "wer": 0.20863309352517986,


    "n_characters": 775,
    "n_words": 139
}