{
    "gt": "OCR-D-GT-SEG-PAGE/OCR-D-GT-SEG-PAGE_0001.xml",
    "ocr": "OCR-D-OCR/OCR-D-OCR_0001.xml",

    "cer": 0.06533776301218161,
    "wer": 0.23270440251572327,


    "n_characters": 903,
    "n_words": 159
}