{
    "gt": "OCR-D-GT-SEG-PAGE/OCR-D-GT-SEG-PAGE_0001.xml",
    "ocr": "OCR-D-OCR/OCR-D-OCR_0001.xml",

    "cer": 0.05898491083676269,
    "wer": 0.12280701754385964,


    "n_characters": 729,
    "n_words": 114
}