{
    "gt": "OCR-D-GT-SEG-PAGE/OCR-D-GT-SEG-PAGE_0004.xml",
    "ocr": "OCR-D-OCR/OCR-D-OCR_0004.xml",

    "cer": 0.18301731244847486,
    "wer": 0.2828282828282828,


    "n_characters": 1213,
    "n_words": 198
}