{
    "gt": "OCR-D-GT-SEG-PAGE/OCR-D-GT-SEG-PAGE_0003.xml",
    "ocr": "OCR-D-OCR/OCR-D-OCR_0003.xml",

    "cer": 0.03254769921436588,
    "wer": 0.12280701754385964,


    "n_characters": 1782,
    "n_words": 285
}