{
    "gt": "OCR-D-GT-SEG-PAGE/OCR-D-GT-SEG-PAGE_0002.xml",
    "ocr": "OCR-D-OCR/OCR-D-OCR_0002.xml",

    "cer": 0.12056338028169014,
    "wer": 0.18439716312056736,


    "n_characters": 1775,
    "n_words": 282
}