{
    "gt": "GT-PAGE/heyden_paedono_1548_0013.xml",
    "ocr": "OCR-D-OCR/OCR-D-OCR_0013.xml",

    "cer": 0.03197674418604651,
    "wer": 0.13592233009708737,


    "n_characters": 688,
    "n_words": 103
}