{
    "gt": "GT-PAGE/heyden_paedono_1548_0007.xml",
    "ocr": "OCR-D-OCR/OCR-D-OCR_0007.xml",

    "cer": 0.06354009077155824,
    "wer": 0.1792452830188679,


    "n_characters": 661,
    "n_words": 106
}