{
    "gt": "OCR-D-GT-SEG-PAGE/OCR-D-GT-SEG-PAGE_0001.xml",
    "ocr": "OCR-D-OCR/OCR-D-OCR_0001.xml",

    "cer": 0.06783369803063458,
    "wer": 0.14745762711864407,


    "n_characters": 3199,
    "n_words": 590
}