{
    "gt": "GT-PAGE/wecker_kochbuch_1598_0029.xml",
    "ocr": "OCR-D-OCR/OCR-D-OCR_0004.xml",

    "cer": 0.06956956956956957,
    "wer": 0.10344827586206896,


    "n_characters": 1998,
    "n_words": 348
}