{
    "gt": "GT-PAGE/wecker_kochbuch_1598_0011.xml",
    "ocr": "OCR-D-OCR/OCR-D-OCR_0002.xml",

    "cer": 0.0800354400472534,
    "wer": 0.20594059405940593,


    "n_characters": 3386,
    "n_words": 505
}