{
    "gt": "GT-PAGE/wecker_kochbuch_1598_0007.xml",
    "ocr": "OCR-D-OCR/OCR-D-OCR_0001.xml",

    "cer": 0.0728476821192053,
    "wer": 0.0970464135021097,


    "n_characters": 1661,
    "n_words": 237
}