{
    "gt": "OCR-D-GT-SEG-PAGE/OCR-D-GT-SEG-PAGE_0001.xml",
    "ocr": "OCR-D-OCR/OCR-D-OCR_0001.xml",

    "cer": 0.15017171401810803,
    "wer": 0.23109243697478993,


    "n_characters": 3203,
    "n_words": 476
}