{
    "gt": "OCR-D-GT-SEG-PAGE/OCR-D-GT-SEG-PAGE_0002.xml",
    "ocr": "OCR-D-OCR/OCR-D-OCR_0002.xml",

    "cer": 0.3807893314110651,
    "wer": 0.44620611551528877,


    "n_characters": 5549,
    "n_words": 883
}