{
    "gt": "OCR-D-GT-SEG-PAGE/OCR-D-GT-SEG-PAGE_0002.xml",
    "ocr": "OCR-D-OCR/OCR-D-OCR_0002.xml",

    "cer": 0.2503225806451613,
    "wer": 0.5971223021582733,


    "n_characters": 775,
    "n_words": 139
}