{
    "gt": "OCR-D-GT-SEG-PAGE/OCR-D-GT-SEG-PAGE_0001.xml",
    "ocr": "OCR-D-OCR/OCR-D-OCR_0001.xml",

    "cer": 0.19269102990033224,
    "wer": 0.5471698113207547,


    "n_characters": 903,
    "n_words": 159
}