{
    "gt": "GT-PAGE/justi_abhandlung01_1758_0134.xml",
    "ocr": "OCR-D-OCR/OCR-D-OCR_0004.xml",

    "cer": 0.02596537949400799,
    "wer": 0.0881057268722467,


    "n_characters": 1502,
    "n_words": 227
}