{
    "gt": "GT-PAGE/justi_abhandlung01_1758_0133.xml",
    "ocr": "OCR-D-OCR/OCR-D-OCR_0003.xml",

    "cer": 0.1289918597370069,
    "wer": 0.23228346456692914,


    "n_characters": 1597,
    "n_words": 254
}