{
    "gt": "GT-PAGE/justi_abhandlung01_1758_0031.xml",
    "ocr": "OCR-D-OCR/OCR-D-OCR_0002.xml",

    "cer": 0.15319148936170213,
    "wer": 0.3402777777777778,


    "n_characters": 940,
    "n_words": 144
}