{
    "gt": "GT-PAGE/benner_herrnhuterey04_1748_0014.xml",
    "ocr": "OCR-D-OCR/OCR-D-OCR_0002.xml",

    "cer": 0.15776892430278885,
    "wer": 0.5344827586206896,


    "n_characters": 1255,
    "n_words": 174
}