{
    "gt": "GT-PAGE/benner_herrnhuterey04_1748_0016.xml",
    "ocr": "OCR-D-OCR/OCR-D-OCR_0004.xml",

    "cer": 0.3939641109298532,
    "wer": 0.7142857142857143,


    "n_characters": 1226,
    "n_words": 189
}