{
    "gt": "GT-PAGE/benner_herrnhuterey04_1748_0015.xml",
    "ocr": "OCR-D-OCR/OCR-D-OCR_0003.xml",

    "cer": 0.16610738255033558,
    "wer": 0.48044692737430167,


    "n_characters": 1192,
    "n_words": 179
}