{
    "gt": "GT-PAGE/luther_babstum_1526_0010.xml",
    "ocr": "OCR-D-OCR/OCR-D-OCR_0010.xml",

    "cer": 0.10048309178743961,
    "wer": 0.35294117647058826,


    "n_characters": 1035,
    "n_words": 187
}