{
    "gt": "GT-PAGE/luther_babstum_1526_0011.xml",
    "ocr": "OCR-D-OCR/OCR-D-OCR_0011.xml",

    "cer": 0.19425675675675674,
    "wer": 0.44761904761904764,


    "n_characters": 592,
    "n_words": 105
}