{
    "gt": "GT-PAGE/justi_abhandlung01_1758_0031.xml",
    "ocr": "OCR-D-OCR/OCR-D-OCR_0002.xml",

    "cer": 0.15106382978723404,
    "wer": 0.20833333333333334,


    "n_characters": 940,
    "n_words": 144
}