{
    "gt": "GT-PAGE/justi_abhandlung01_1758_0133.xml",
    "ocr": "OCR-D-OCR/OCR-D-OCR_0003.xml",

    "cer": 0.08077645585472762,
    "wer": 0.13385826771653545,


    "n_characters": 1597,
    "n_words": 254
}