{
    "gt": "GT-PAGE/justi_abhandlung01_1758_0026.xml",
    "ocr": "OCR-D-OCR/OCR-D-OCR_0001.xml",

    "cer": 0.019853709508881923,
    "wer": 0.12380952380952381,


    "n_characters": 957,
    "n_words": 105
}