{
    "gt": "GT-PAGE/pinder_epiphanie_1506_0010.xml",
    "ocr": "OCR-D-OCR/OCR-D-OCR_0002.xml",

    "cer": 0.2573231185218567,
    "wer": 0.7241379310344828,


    "n_characters": 2219,
    "n_words": 348
}