{
    "gt": "GT-PAGE/pinder_epiphanie_1506_0041.xml",
    "ocr": "OCR-D-OCR/OCR-D-OCR_0003.xml",

    "cer": 0.16826086956521738,
    "wer": 0.6286549707602339,


    "n_characters": 2300,
    "n_words": 342
}