{
    "gt": "GT-PAGE/pinder_epiphanie_1506_0009.xml",
    "ocr": "OCR-D-OCR/OCR-D-OCR_0001.xml",

    "cer": 0.3525852585258526,
    "wer": 0.7601351351351351,


    "n_characters": 1818,
    "n_words": 296
}