{
    "gt": "GT-PAGE/pinder_epiphanie_1506_0045.xml",
    "ocr": "OCR-D-OCR/OCR-D-OCR_0004.xml",

    "cer": 0.1623860811930406,
    "wer": 0.6291208791208791,


    "n_characters": 2414,
    "n_words": 364
}