{
    "gt": "GT-PAGE/kant_aufklaerung_1784_0020.xml",
    "ocr": "OCR-D-OCR/OCR-D-OCR_0002.xml",

    "cer": 0.00939306358381503,
    "wer": 0.03902439024390244,


    "n_characters": 1384,
    "n_words": 205
}