{
    "gt": "GT-PAGE/rhegius_artzney_1529_0007.xml",
    "ocr": "OCR-D-OCR/OCR-D-OCR_0001.xml",

    "cer": 0.22584033613445378,
    "wer": 0.6319018404907976,


    "n_characters": 952,
    "n_words": 163
}