{
    "gt": "GT-PAGE/rhegius_artzney_1529_0019.xml",
    "ocr": "OCR-D-OCR/OCR-D-OCR_0003.xml",

    "cer": 0.21564885496183206,
    "wer": 0.612565445026178,


    "n_characters": 1048,
    "n_words": 191
}