{
    "gt": "GT-PAGE/rhegius_artzney_1529_0014.xml",
    "ocr": "OCR-D-OCR/OCR-D-OCR_0002.xml",

    "cer": 0.3119834710743802,
    "wer": 0.695906432748538,


    "n_characters": 968,
    "n_words": 171
}