{
    "gt": "OCR-D-GT-SEG-PAGE/OCR-D-GT-SEG-PAGE_0001.xml",
    "ocr": "OCR-D-OCR/OCR-D-OCR_0001.xml",

    "cer": 0.3761111111111111,
    "wer": 0.6111111111111112,


    "n_characters": 1800,
    "n_words": 252
}