{
    "gt": "GT-PAGE/clauren_mimil_1815_0050.xml",
    "ocr": "OCR-D-OCR/OCR-D-OCR_0007.xml",

    "cer": 0.05620360551431601,
    "wer": 0.07096774193548387,


    "n_characters": 943,
    "n_words": 155
}