{
    "gt": "GT-PAGE/clauren_mimil_1815_0031.xml",
    "ocr": "OCR-D-OCR/OCR-D-OCR_0002.xml",

    "cer": 0.16598079561042525,
    "wer": 0.16379310344827586,


    "n_characters": 729,
    "n_words": 116
}