{
    "gt": "GT-PAGE/clauren_mimil_1815_0122.xml",
    "ocr": "OCR-D-OCR/OCR-D-OCR_0008.xml",

    "cer": 0.2265331664580726,
    "wer": 0.208955223880597,


    "n_characters": 799,
    "n_words": 134
}