{
    "gt": "GT-PAGE/clauren_mimil_1815_0146.xml",
    "ocr": "OCR-D-OCR/OCR-D-OCR_0009.xml",

    "cer": 0.1898989898989899,
    "wer": 0.24242424242424243,


    "n_characters": 990,
    "n_words": 165
}