{
    "gt": "GT-PAGE/clauren_mimil_1815_0043.xml",
    "ocr": "OCR-D-OCR/OCR-D-OCR_0006.xml",

    "cer": 0.20372836218375498,
    "wer": 0.24545454545454545,


    "n_characters": 751,
    "n_words": 110
}