{
    "gt": "GT-PAGE/clauren_mimil_1815_0038.xml",
    "ocr": "OCR-D-OCR/OCR-D-OCR_0003.xml",

    "cer": 0.1815856777493606,
    "wer": 0.20634920634920634,


    "n_characters": 782,
    "n_words": 126
}