{
    "gt": "GT-PAGE/clauren_mimil_1815_0023.xml",
    "ocr": "OCR-D-OCR/OCR-D-OCR_0001.xml",

    "cer": 0.6280834914611005,
    "wer": 0.6292134831460674,


    "n_characters": 527,
    "n_words": 89
}