{
    "gt": "GT-PAGE/clauren_mimil_1815_0041.xml",
    "ocr": "OCR-D-OCR/OCR-D-OCR_0005.xml",

    "cer": 0.2141304347826087,
    "wer": 0.23333333333333334,


    "n_characters": 920,
    "n_words": 150
}