{
    "gt": "GT-PAGE/huebner_handbuch_1696_0015.xml",
    "ocr": "OCR-D-OCR/OCR-D-OCR_0002.xml",

    "cer": 0.07786259541984733,
    "wer": 0.12389380530973451,


    "n_characters": 655,
    "n_words": 113
}