{
    "gt": "GT-PAGE/huebner_handbuch_1696_0005.xml",
    "ocr": "OCR-D-OCR/OCR-D-OCR_0001.xml",

    "cer": 0.2765273311897106,
    "wer": 0.6097560975609756,


    "n_characters": 311,
    "n_words": 41
}