{
    "gt": "OCR-D-GT-SEG-PAGE/OCR-D-GT-SEG-PAGE_0002.xml",
    "ocr": "OCR-D-OCR/OCR-D-OCR_0002.xml",

    "cer": 0.2631578947368421,
    "wer": 0.6866666666666666,


    "n_characters": 817,
    "n_words": 150
}