{
    "gt": "OCR-D-GT-SEG-PAGE/OCR-D-GT-SEG-PAGE_0001.xml",
    "ocr": "OCR-D-OCR/OCR-D-OCR_0001.xml",

    "cer": 0.2696476964769648,
    "wer": 0.7338709677419355,


    "n_characters": 738,
    "n_words": 124
}