{
    "gt": "GT-PAGE/pistoris_regiment_1506_0011.xml",
    "ocr": "OCR-D-OCR/OCR-D-OCR_0003.xml",

    "cer": 0.20105355575065847,
    "wer": 0.5773195876288659,


    "n_characters": 1139,
    "n_words": 194
}