{
    "gt": "GT-PAGE/pistoris_regiment_1506_0010.xml",
    "ocr": "OCR-D-OCR/OCR-D-OCR_0002.xml",

    "cer": 0.2420448617631716,
    "wer": 0.6595092024539877,


    "n_characters": 1917,
    "n_words": 326
}