{
    "gt": "GT-PAGE/pistoris_regiment_1506_0009.xml",
    "ocr": "OCR-D-OCR/OCR-D-OCR_0001.xml",

    "cer": 0.2654232424677188,
    "wer": 0.6473029045643154,


    "n_characters": 1394,
    "n_words": 241
}