{
    "gt": "GT-PAGE/nn_historia_1500_0009.xml",
    "ocr": "OCR-D-OCR/OCR-D-OCR_0009.xml",

    "cer": 0.04713275726630008,
    "wer": 0.2157676348547718,


    "n_characters": 1273,
    "n_words": 241
}