{
    "gt": "GT-PAGE/nn_historia_1500_0007.xml",
    "ocr": "OCR-D-OCR/OCR-D-OCR_0007.xml",

    "cer": 0.5126050420168067,
    "wer": 0.8780487804878049,


    "n_characters": 238,
    "n_words": 41
}