{
    "gt": "GT-PAGE/nn_besuch_1780_00004.xml",
    "ocr": "OCR-D-OCR/OCR-D-OCR_00004.xml",

    "cer": 0.05070993914807302,
    "wer": 0.12745098039215685,


    "n_characters": 493,
    "n_words": 102
}