{
    "gt": "GT-PAGE/nn_besuch_1780_00002.xml",
    "ocr": "OCR-D-OCR/OCR-D-OCR_00002.xml",

    "cer": 0.027624309392265192,
    "wer": 0.13020833333333334,


    "n_characters": 905,
    "n_words": 192
}