{
    "gt": "GT-PAGE/nn_besuch_1780_00003.xml",
    "ocr": "OCR-D-OCR/OCR-D-OCR_00003.xml",

    "cer": 0.11437908496732026,
    "wer": 0.21693121693121692,


    "n_characters": 918,
    "n_words": 189
}