{
    "gt": "GT-PAGE/nn_besuch_1780_00001.xml",
    "ocr": "OCR-D-OCR/OCR-D-OCR_00001.xml",

    "cer": 0.16772151898734178,
    "wer": 0.26229508196721313,


    "n_characters": 316,
    "n_words": 61
}