{
    "gt": "GT-PAGE/herder_geschichte03_1787_0007.xml",
    "ocr": "OCR-D-OCR/OCR-D-OCR_0001.xml",

    "cer": 0.7188208616780045,
    "wer": 0.8035714285714286,


    "n_characters": 441,
    "n_words": 56
}