{
    "gt": "GT-PAGE/kistler_kraeuter_1500_0007.xml",
    "ocr": "OCR-D-OCR/OCR-D-OCR_0007.xml",

    "cer": 0.2271604938271605,
    "wer": 0.46116504854368934,


    "n_characters": 1215,
    "n_words": 206
}