{
    "gt": "GT-PAGE/brenz_abentmal_1550_0007.xml",
    "ocr": "OCR-D-OCR/OCR-D-OCR_0001.xml",

    "cer": 0.18153846153846154,
    "wer": 0.4444444444444444,


    "n_characters": 325,
    "n_words": 54
}