{
    "gt": "GT-PAGE/brenz_abentmal_1550_0043.xml",
    "ocr": "OCR-D-OCR/OCR-D-OCR_0002.xml",

    "cer": 0.24210526315789474,
    "wer": 0.38095238095238093,


    "n_characters": 380,
    "n_words": 63
}