{
    "gt": "OCR-D-GT-SEG-PAGE/OCR-D-GT-SEG-PAGE_0001.xml",
    "ocr": "OCR-D-OCR/OCR-D-OCR_0001.xml",

    "cer": 0.05426356589147287,
    "wer": 0.15723270440251572,


    "n_characters": 903,
    "n_words": 159
}