{
    "gt": "GT-PAGE/huebner_handbuch_1696_0015.xml",
    "ocr": "OCR-D-OCR/OCR-D-OCR_0002.xml",

    "cer": 0.10229007633587786,
    "wer": 0.1504424778761062,


    "n_characters": 655,
    "n_words": 113
}