{
    "gt": "GT-PAGE/huebner_handbuch_1696_0005.xml",
    "ocr": "OCR-D-OCR/OCR-D-OCR_0001.xml",

    "cer": 0.4405144694533762,
    "wer": 0.5365853658536586,


    "n_characters": 311,
    "n_words": 41
}