{
    "gt": "GT-PAGE/huebner_handbuch_1696_0021.xml",
    "ocr": "OCR-D-OCR/OCR-D-OCR_0003.xml",

    "cer": 0.05627306273062731,
    "wer": 0.13114754098360656,


    "n_characters": 1084,
    "n_words": 183
}