{
    "gt": "GT-PAGE/calvi_beutelschneider01_1627_0013.xml",
    "ocr": "OCR-D-OCR/OCR-D-OCR_0002.xml",

    "cer": 0.09310344827586207,
    "wer": 0.2465753424657534,


    "n_characters": 870,
    "n_words": 146
}