{
    "gt": "GT-PAGE/calvi_beutelschneider01_1627_0010.xml",
    "ocr": "OCR-D-OCR/OCR-D-OCR_0001.xml",

    "cer": 0.08636836628511967,
    "wer": 0.21019108280254778,


    "n_characters": 961,
    "n_words": 157
}