{
    "gt": "GT-PAGE/ballenstedt_delatio_1777_00010.xml",
    "ocr": "OCR-D-OCR/OCR-D-OCR_00010.xml",

    "cer": 0.06813304721030043,
    "wer": 0.2801556420233463,


    "n_characters": 1864,
    "n_words": 257
}