{
    "gt": "GT-PAGE/ballenstedt_delatio_1777_00003.xml",
    "ocr": "OCR-D-OCR/OCR-D-OCR_00003.xml",

    "cer": 0.06586483390607102,
    "wer": 0.32489451476793246,


    "n_characters": 1746,
    "n_words": 237
}