{
    "gt": "GT-PAGE/ballenstedt_delatio_1777_00005.xml",
    "ocr": "OCR-D-OCR/OCR-D-OCR_00005.xml",

    "cer": 0.21634332745443857,
    "wer": 0.5619834710743802,


    "n_characters": 1701,
    "n_words": 242
}