{
    "gt": "GT-PAGE/blumenbach_anatomie_1805_0047.xml",
    "ocr": "OCR-D-OCR/OCR-D-OCR_0001.xml",

    "cer": 0.11473684210526315,
    "wer": 0.36666666666666664,


    "n_characters": 950,
    "n_words": 150
}