{
    "gt": "GT-PAGE/blumenbach_anatomie_1805_0048.xml",
    "ocr": "OCR-D-OCR/OCR-D-OCR_0002.xml",

    "cer": 0.05336179295624333,
    "wer": 0.2518518518518518,


    "n_characters": 937,
    "n_words": 135
}