{
    "gt": "GT-PAGE/blumenbach_anatomie_1805_0049.xml",
    "ocr": "OCR-D-OCR/OCR-D-OCR_0003.xml",

    "cer": 0.0936768149882904,
    "wer": 0.37404580152671757,


    "n_characters": 854,
    "n_words": 131
}