{
    "gt": "GT-PAGE/osiander_predigt_1553_0007.xml",
    "ocr": "OCR-D-OCR/OCR-D-OCR_0001.xml",

    "cer": 0.07918263090676884,
    "wer": 0.2112676056338028,


    "n_characters": 783,
    "n_words": 142
}