{
    "gt": "GT-PAGE/osiander_predigt_1553_0008.xml",
    "ocr": "OCR-D-OCR/OCR-D-OCR_0002.xml",

    "cer": 0.03155006858710562,
    "wer": 0.04780876494023904,


    "n_characters": 1458,
    "n_words": 251
}