{
    "gt": "OCR-D-GT-SEG-PAGE/OCR-D-GT-SEG-PAGE_0001.xml",
    "ocr": "OCR-D-OCR/OCR-D-OCR_0001.xml",

    "cer": 0.16166666666666665,
    "wer": 0.4523809523809524,


    "n_characters": 1800,
    "n_words": 252
}