{
    "gt": "OCR-D-GT-SEG-PAGE/OCR-D-GT-SEG-PAGE_0002.xml",
    "ocr": "OCR-D-OCR/OCR-D-OCR_0002.xml",

    "cer": 0.12342436974789917,
    "wer": 0.3860294117647059,


    "n_characters": 1904,
    "n_words": 272
}