{
    "gt": "GT-PAGE/lohenstein_agrippina_1665_0121.xml",
    "ocr": "OCR-D-OCR/OCR-D-OCR_0003.xml",

    "cer": 0.08382838283828382,
    "wer": 0.26153846153846155,


    "n_characters": 1515,
    "n_words": 260
}