{
    "gt": "GT-PAGE/lohenstein_agrippina_1665_0019.xml",
    "ocr": "OCR-D-OCR/OCR-D-OCR_0002.xml",

    "cer": 0.15284249767008387,
    "wer": 0.4148936170212766,


    "n_characters": 1073,
    "n_words": 188
}