{
    "gt": "GT-PAGE/lohenstein_agrippina_1665_0018.xml",
    "ocr": "OCR-D-OCR/OCR-D-OCR_0001.xml",

    "cer": 0.08152645273200347,
    "wer": 0.27848101265822783,


    "n_characters": 1153,
    "n_words": 158
}