{
    "gt": "GT-PAGE/calvi_beutelschneider01_1627_0020.xml",
    "ocr": "OCR-D-OCR/OCR-D-OCR_0003.xml",

    "cer": 0.11428571428571428,
    "wer": 0.39106145251396646,


    "n_characters": 1155,
    "n_words": 179
}