{
    "gt": "GT-PAGE/calvi_beutelschneider01_1627_0010.xml",
    "ocr": "OCR-D-OCR/OCR-D-OCR_0001.xml",

    "cer": 0.13735691987513007,
    "wer": 0.5605095541401274,


    "n_characters": 961,
    "n_words": 157
}