{
    "gt": "GT-PAGE/bohse_helicon_1696_0022.xml",
    "ocr": "OCR-D-OCR/OCR-D-OCR_0004.xml",

    "cer": 0.04588394062078273,
    "wer": 0.14814814814814814,


    "n_characters": 741,
    "n_words": 108
}