{
    "gt": "GT-PAGE/bohse_helicon_1696_0036.xml",
    "ocr": "OCR-D-OCR/OCR-D-OCR_0005.xml",

    "cer": 0.08106267029972752,
    "wer": 0.2775330396475771,


    "n_characters": 1468,
    "n_words": 227
}