{
    "gt": "GT-PAGE/bohse_helicon_1696_0009.xml",
    "ocr": "OCR-D-OCR/OCR-D-OCR_0002.xml",

    "cer": 0.043243243243243246,
    "wer": 0.1111111111111111,


    "n_characters": 370,
    "n_words": 54
}