{
    "gt": "GT-PAGE/bohse_helicon_1696_0021.xml",
    "ocr": "OCR-D-OCR/OCR-D-OCR_0003.xml",

    "cer": 0.047126436781609195,
    "wer": 0.1276595744680851,


    "n_characters": 870,
    "n_words": 141
}