{
    "gt": "GT-PAGE/bohse_helicon_1696_0007.xml",
    "ocr": "OCR-D-OCR/OCR-D-OCR_0001.xml",

    "cer": 0.2804232804232804,
    "wer": 0.5319148936170213,


    "n_characters": 378,
    "n_words": 47
}