{
    "gt": "GT-PAGE/osiander_predigt_1553_0007.xml",
    "ocr": "OCR-D-OCR/OCR-D-OCR_0001.xml",

    "cer": 0.7075351213282248,
    "wer": 0.8591549295774648,


    "n_characters": 783,
    "n_words": 142
}