{
    "gt": "GT-PAGE/osiander_predigt_1553_0008.xml",
    "ocr": "OCR-D-OCR/OCR-D-OCR_0002.xml",

    "cer": 0.10150891632373114,
    "wer": 0.3665338645418327,


    "n_characters": 1458,
    "n_words": 251
}