{
    "gt": "GT-PAGE/nn_lied_1515_0006.xml",
    "ocr": "OCR-D-OCR/OCR-D-OCR_0006.xml",

    "cer": 0.05805805805805806,
    "wer": 0.14361702127659576,


    "n_characters": 999,
    "n_words": 188
}