{
    "gt": "GT-PAGE/bernd_lebensbeschreibung_1738_0021.xml",
    "ocr": "OCR-D-OCR/OCR-D-OCR_0002.xml",

    "cer": 0.09480122324159021,
    "wer": 0.16964285714285715,


    "n_characters": 654,
    "n_words": 112
}