{
    "gt": "GT-PAGE/bernd_lebensbeschreibung_1738_0007.xml",
    "ocr": "OCR-D-OCR/OCR-D-OCR_0001.xml",

    "cer": 0.16463414634146342,
    "wer": 0.4264705882352941,


    "n_characters": 492,
    "n_words": 68
}