{
    "gt": "GT-PAGE/bernd_lebensbeschreibung_1738_0066.xml",
    "ocr": "OCR-D-OCR/OCR-D-OCR_0003.xml",

    "cer": 0.04969418960244648,
    "wer": 0.12389380530973451,


    "n_characters": 1308,
    "n_words": 226
}