{
    "gt": "GT-PAGE/silesius_seelenlust01_1657_0423.xml",
    "ocr": "OCR-D-OCR/OCR-D-OCR_0005.xml",

    "cer": 0.3112033195020747,
    "wer": 0.5073529411764706,


    "n_characters": 723,
    "n_words": 136
}