{
    "gt": "GT-PAGE/silesius_seelenlust01_1657_0010.xml",
    "ocr": "OCR-D-OCR/OCR-D-OCR_0002.xml",

    "cer": 0.1968365553602812,
    "wer": 0.4583333333333333,


    "n_characters": 569,
    "n_words": 96
}