{
    "gt": "GT-PAGE/silesius_seelenlust01_1657_0009.xml",
    "ocr": "OCR-D-OCR/OCR-D-OCR_0001.xml",

    "cer": 0.29980276134122286,
    "wer": 0.6666666666666666,


    "n_characters": 507,
    "n_words": 69
}