{
    "gt": "GT-PAGE/silesius_seelenlust01_1657_0022.xml",
    "ocr": "OCR-D-OCR/OCR-D-OCR_0004.xml",

    "cer": 0.18057663125948406,
    "wer": 0.3629032258064516,


    "n_characters": 659,
    "n_words": 124
}