{
    "gt": "GT-PAGE/silesius_seelenlust01_1657_0021.xml",
    "ocr": "OCR-D-OCR/OCR-D-OCR_0003.xml",

    "cer": 0.24634146341463414,
    "wer": 0.43661971830985913,


    "n_characters": 410,
    "n_words": 71
}