{
    "gt": "GT-PAGE/pistoris_regiment_1506_0010.xml",
    "ocr": "OCR-D-OCR/OCR-D-OCR_0002.xml",

    "cer": 0.1992696922274387,
    "wer": 0.34049079754601225,


    "n_characters": 1917,
    "n_words": 326
}