{
    "gt": "GT-PAGE/pistoris_regiment_1506_0011.xml",
    "ocr": "OCR-D-OCR/OCR-D-OCR_0003.xml",

    "cer": 0.09833187006145742,
    "wer": 0.27835051546391754,


    "n_characters": 1139,
    "n_words": 194
}