{
    "gt": "GT-PAGE/pistoris_regiment_1506_0009.xml",
    "ocr": "OCR-D-OCR/OCR-D-OCR_0001.xml",

    "cer": 0.20875179340028693,
    "wer": 0.3817427385892116,


    "n_characters": 1394,
    "n_words": 241
}