{
    "gt": "GT-PAGE/arnimb_goethe03_1835_0029.xml",
    "ocr": "OCR-D-OCR/OCR-D-OCR_0001.xml",

    "cer": 0.0056657223796034,
    "wer": 0.021164021164021163,


    "n_characters": 1059,
    "n_words": 189
}