{
    "gt": "GT-PAGE/schiller_raeuber_1781_0024.xml",
    "ocr": "OCR-D-OCR/OCR-D-OCR_0002.xml",

    "cer": 0.027615062761506277,
    "wer": 0.0821256038647343,


    "n_characters": 1195,
    "n_words": 207
}