{
    "gt": "GT-PAGE/blumenbach_anatomie_1805_0047.xml",
    "ocr": "OCR-D-OCR/OCR-D-OCR_0001.xml",

    "cer": 0.05263157894736842,
    "wer": 0.14666666666666667,


    "n_characters": 950,
    "n_words": 150
}