{
    "gt": "GT-PAGE/blumenbach_anatomie_1805_0049.xml",
    "ocr": "OCR-D-OCR/OCR-D-OCR_0003.xml",

    "cer": 0.22014051522248243,
    "wer": 0.5038167938931297,


    "n_characters": 854,
    "n_words": 131
}