{
    "gt": "GT-PAGE/blumenbach_anatomie_1805_0048.xml",
    "ocr": "OCR-D-OCR/OCR-D-OCR_0002.xml",

    "cer": 0.035218783351120594,
    "wer": 0.1037037037037037,


    "n_characters": 937,
    "n_words": 135
}